Workbook

Sheet Dashboard
B1: DASHBOARD — HELSE 2026
B2: Nøkkeltall samlet fra Dagslogg, Treningslogg, Vekt og Oversikt. Alt beregnes automatisk — ingen inntasting på dette arket.
B4: STATUS — HELE PERIODEN (UKE 31–51)
B6: VEKT NÅ | D6: FAKTISK TAP HITTIL | F6: LIVVIDDE NÅ | H6: UNDERSKUDD HITTIL | J6: MÅLOPPNÅELSE | L6: FREMSKREVET SLUTTVEKT
B7: =IFERROR(LOOKUP(2,1/(Dagslogg[Vekt]<>""),Dagslogg[Vekt]),"") -> 77.5 | D7: =IF(Vekt!$U$7="","",Vekt!$U$7) -> -0.05 | F7: =IFERROR(LOOKUP(2,1/(Dagslogg[Vidde]<>""),Dagslogg[Vidde]),"") -> 88.5 | H7: =Vekt!$U$4 -> 2100 | J7: =IF(Vekt!$U$5="","",Vekt!$U$5) -> 1.05 | L7: =IF(Vekt!$U$10="","",Vekt!$E$5-Vekt!$U$10) -> 60.79
B8: ="start: "&Vekt!$E$5&" kg" -> start: 77.45 kg | D8: =IF(Vekt!$U$6="","","estimert fra kcal: "&ROUND(Vekt!$U$6,2)&" kg") -> estimert fra kcal: 0.28 kg | F8: =IF(Vekt!$U$8="","","reduksjon: "&ROUND(Vekt!$U$8,2)&" cm (start "&Vekt!$E$6&")") -> reduksjon: 1.25 cm (start 90) | H8: ="≈ "&ROUND(Vekt!$U$4/Vekt!$E$7*1000,0)&" gram fett" -> ≈ 280 gram fett | J8: underskudd vs. ukemål hittil | L8: ="mål uke 51: "&ROUND(Vekt!$E$5-Vekt!$U$9,1)&" kg" -> mål uke 51: 61.6 kg
B10: ="DENNE UKEN — UKE "&_xlfn.ISOWEEKNUM(TODAY())&" · "&TEXT((TODAY()-WEEKDAY(TODAY(),3)),"dd.mm")&"–"&TEXT((TODAY()-WEEKDAY(TODAY(),3))+6,"dd.mm") -> DENNE UKEN — UKE 31 · 27.07–02.08
B12: ØKTER DENNE UKEN | F12: KALORIUNDERSKUDD DENNE UKEN | J12: DAGER LOGGET DENNE UKEN
B13: =COUNTIFS(Treningslogg[Dato],">="&(TODAY()-WEEKDAY(TODAY(),3)),Treningslogg[Dato],"<="&(TODAY()-WEEKDAY(TODAY(),3))+6,Treningslogg[Type],"<>") -> 11 | F13: =SUMIFS(Dagslogg[Minus],Dagslogg[Dato],">="&(TODAY()-WEEKDAY(TODAY(),3)),Dagslogg[Dato],"<="&(TODAY()-WEEKDAY(TODAY(),3))+6) -> 2100 | J13: =COUNTIFS(Dagslogg[Dato],">="&(TODAY()-WEEKDAY(TODAY(),3)),Dagslogg[Dato],"<="&(TODAY()-WEEKDAY(TODAY(),3))+6,Dagslogg[Minus],"<>") -> 2
B14: program: 3 × styrke + løping (jf. Guide §12) | F14: =IFERROR("mål: "&(7*INDEX(Vekt!$T$14:$T$34,_xlfn.ISOWEEKNUM(TODAY())-30))&" kcal for hele uken","") -> mål: 7000 kcal for hele uken | J14: dager med kalorier ført i Dagslogg
B16: TRENING PER TYPE — HELE HØSTEN
B18: TYPE | D18: ØKTER | E18: TIMER | F18: KM
B19: Styrketrening | D19: =COUNTIFS(Treningslogg[Type],$B19) -> 3 | E19: =SUMIFS(Treningslogg[Varighet (min)],Treningslogg[Type],$B19)/60 -> 0 | F19: =SUMIFS(Treningslogg[Distanse (km)],Treningslogg[Type],$B19) -> 0 | G19: =IF($D19=0,"",REPT("█",MAX(1,ROUND(14*$D19/MAX($D$19:$D$25),0)))) -> ██████████████
B20: Løping | D20: =COUNTIFS(Treningslogg[Type],$B20) -> 2 | E20: =SUMIFS(Treningslogg[Varighet (min)],Treningslogg[Type],$B20)/60 -> 0 | F20: =SUMIFS(Treningslogg[Distanse (km)],Treningslogg[Type],$B20) -> 0 | G20: =IF($D20=0,"",REPT("█",MAX(1,ROUND(14*$D20/MAX($D$19:$D$25),0)))) -> █████████
B21: Sykling | D21: =COUNTIFS(Treningslogg[Type],$B21) -> 2 | E21: =SUMIFS(Treningslogg[Varighet (min)],Treningslogg[Type],$B21)/60 -> 0 | F21: =SUMIFS(Treningslogg[Distanse (km)],Treningslogg[Type],$B21) -> 0 | G21: =IF($D21=0,"",REPT("█",MAX(1,ROUND(14*$D21/MAX($D$19:$D$25),0)))) -> █████████
B22: Svømming | D22: =COUNTIFS(Treningslogg[Type],$B22) -> 1 | E22: =SUMIFS(Treningslogg[Varighet (min)],Treningslogg[Type],$B22)/60 -> 0 | F22: =SUMIFS(Treningslogg[Distanse (km)],Treningslogg[Type],$B22) -> 0 | G22: =IF($D22=0,"",REPT("█",MAX(1,ROUND(14*$D22/MAX($D$19:$D$25),0)))) -> █████
B23: Karate | D23: =COUNTIFS(Treningslogg[Type],$B23) -> 1 | E23: =SUMIFS(Treningslogg[Varighet (min)],Treningslogg[Type],$B23)/60 -> 0 | F23: =SUMIFS(Treningslogg[Distanse (km)],Treningslogg[Type],$B23) -> 0 | G23: =IF($D23=0,"",REPT("█",MAX(1,ROUND(14*$D23/MAX($D$19:$D$25),0)))) -> █████
B24: Klatring | D24: =COUNTIFS(Treningslogg[Type],$B24) -> 1 | E24: =SUMIFS(Treningslogg[Varighet (min)],Treningslogg[Type],$B24)/60 -> 0 | F24: =SUMIFS(Treningslogg[Distanse (km)],Treningslogg[Type],$B24) -> 0 | G24: =IF($D24=0,"",REPT("█",MAX(1,ROUND(14*$D24/MAX($D$19:$D$25),0)))) -> █████
B25: Annet | D25: =COUNTIFS(Treningslogg[Type],$B25) -> 1 | E25: =SUMIFS(Treningslogg[Varighet (min)],Treningslogg[Type],$B25)/60 -> 0 | F25: =SUMIFS(Treningslogg[Distanse (km)],Treningslogg[Type],$B25) -> 0 | G25: =IF($D25=0,"",REPT("█",MAX(1,ROUND(14*$D25/MAX($D$19:$D$25),0)))) -> █████
B26: TOTALT | D26: =SUM(D19:D25) -> 11 | E26: =SUM(E19:E25) -> 0 | F26: =SUM(F19:F25) -> 0
B28: KALORIUNDERSKUDD UKE FOR UKE — MOT UKEMÅL
B30: UKE | C30: UNDERSKUDD | D30: UKEMÅL | E30: OPPNÅDD
B31: =Vekt!C14 -> 31 | C31: =IF(Vekt!R14="","",Vekt!R14) -> 2100 | D31: =IF(Vekt!S14="","",Vekt!S14) -> 2000 | E31: =IF(OR($C31="",$D31="",$D31=0),"",$C31/$D31) -> 1.05 | F31: =IF($E31="","",REPT("█",MIN(10,ROUND($E31*10,0)))&REPT("░",MAX(0,10-ROUND($E31*10,0)))&IF($E31>1.049," +","")) -> ██████████ +
B32: =Vekt!C15 -> 32 | C32: =IF(Vekt!R15="","",Vekt!R15) | D32: =IF(Vekt!S15="","",Vekt!S15) | E32: =IF(OR($C32="",$D32="",$D32=0),"",$C32/$D32) | F32: =IF($E32="","",REPT("█",MIN(10,ROUND($E32*10,0)))&REPT("░",MAX(0,10-ROUND($E32*10,0)))&IF($E32>1.049," +",""))
B33: =Vekt!C16 -> 33 | C33: =IF(Vekt!R16="","",Vekt!R16) | D33: =IF(Vekt!S16="","",Vekt!S16) | E33: =IF(OR($C33="",$D33="",$D33=0),"",$C33/$D33) | F33: =IF($E33="","",REPT("█",MIN(10,ROUND($E33*10,0)))&REPT("░",MAX(0,10-ROUND($E33*10,0)))&IF($E33>1.049," +",""))
B34: =Vekt!C17 -> 34 | C34: =IF(Vekt!R17="","",Vekt!R17) | D34: =IF(Vekt!S17="","",Vekt!S17) | E34: =IF(OR($C34="",$D34="",$D34=0),"",$C34/$D34) | F34: =IF($E34="","",REPT("█",MIN(10,ROUND($E34*10,0)))&REPT("░",MAX(0,10-ROUND($E34*10,0)))&IF($E34>1.049," +",""))
B35: =Vekt!C18 -> 35 | C35: =IF(Vekt!R18="","",Vekt!R18) | D35: =IF(Vekt!S18="","",Vekt!S18) | E35: =IF(OR($C35="",$D35="",$D35=0),"",$C35/$D35) | F35: =IF($E35="","",REPT("█",MIN(10,ROUND($E35*10,0)))&REPT("░",MAX(0,10-ROUND($E35*10,0)))&IF($E35>1.049," +",""))
B36: =Vekt!C19 -> 36 | C36: =IF(Vekt!R19="","",Vekt!R19) | D36: =IF(Vekt!S19="","",Vekt!S19) | E36: =IF(OR($C36="",$D36="",$D36=0),"",$C36/$D36) | F36: =IF($E36="","",REPT("█",MIN(10,ROUND($E36*10,0)))&REPT("░",MAX(0,10-ROUND($E36*10,0)))&IF($E36>1.049," +",""))
B37: =Vekt!C20 -> 37 | C37: =IF(Vekt!R20="","",Vekt!R20) | D37: =IF(Vekt!S20="","",Vekt!S20) | E37: =IF(OR($C37="",$D37="",$D37=0),"",$C37/$D37) | F37: =IF($E37="","",REPT("█",MIN(10,ROUND($E37*10,0)))&REPT("░",MAX(0,10-ROUND($E37*10,0)))&IF($E37>1.049," +",""))
B38: =Vekt!C21 -> 38 | C38: =IF(Vekt!R21="","",Vekt!R21) | D38: =IF(Vekt!S21="","",Vekt!S21) | E38: =IF(OR($C38="",$D38="",$D38=0),"",$C38/$D38) | F38: =IF($E38="","",REPT("█",MIN(10,ROUND($E38*10,0)))&REPT("░",MAX(0,10-ROUND($E38*10,0)))&IF($E38>1.049," +",""))
B39: =Vekt!C22 -> 39 | C39: =IF(Vekt!R22="","",Vekt!R22) | D39: =IF(Vekt!S22="","",Vekt!S22) | E39: =IF(OR($C39="",$D39="",$D39=0),"",$C39/$D39) | F39: =IF($E39="","",REPT("█",MIN(10,ROUND($E39*10,0)))&REPT("░",MAX(0,10-ROUND($E39*10,0)))&IF($E39>1.049," +",""))
B40: =Vekt!C23 -> 40 | C40: =IF(Vekt!R23="","",Vekt!R23) | D40: =IF(Vekt!S23="","",Vekt!S23) | E40: =IF(OR($C40="",$D40="",$D40=0),"",$C40/$D40) | F40: =IF($E40="","",REPT("█",MIN(10,ROUND($E40*10,0)))&REPT("░",MAX(0,10-ROUND($E40*10,0)))&IF($E40>1.049," +",""))
B41: =Vekt!C24 -> 41 | C41: =IF(Vekt!R24="","",Vekt!R24) | D41: =IF(Vekt!S24="","",Vekt!S24) | E41: =IF(OR($C41="",$D41="",$D41=0),"",$C41/$D41) | F41: =IF($E41="","",REPT("█",MIN(10,ROUND($E41*10,0)))&REPT("░",MAX(0,10-ROUND($E41*10,0)))&IF($E41>1.049," +",""))
B42: =Vekt!C25 -> 42 | C42: =IF(Vekt!R25="","",Vekt!R25) | D42: =IF(Vekt!S25="","",Vekt!S25) | E42: =IF(OR($C42="",$D42="",$D42=0),"",$C42/$D42) | F42: =IF($E42="","",REPT("█",MIN(10,ROUND($E42*10,0)))&REPT("░",MAX(0,10-ROUND($E42*10,0)))&IF($E42>1.049," +",""))
... B51: =Vekt!C34 -> 51 | C51: =IF(Vekt!R34="","",Vekt!R34) | D51: =IF(Vekt!S34="","",Vekt!S34) | E51: =IF(OR($C51="",$D51="",$D51=0),"",$C51/$D51) | F51: =IF($E51="","",REPT("█",MIN(10,ROUND($E51*10,0)))&REPT("░",MAX(0,10-ROUND($E51*10,0)))&IF($E51>1.049," +",""))
B52: TOTALT | C52: =IF(COUNT(C31:C51)=0,"",SUM(C31:C51)) -> 2100 | D52: =IF(COUNT(D31:D51)=0,"",SUM(D31:D51)) -> 2000 | E52: =IF(OR($C52="",$D52="",$D52=0),"",$C52/$D52) -> 1.05
B54: Alt på dette arket er formler som leser fra Dagslogg, Treningslogg, Vekt og Oversikt — ingen celler skal fylles inn her.
B55: Fargekonvensjonen i Guide §9 (grønn tekst = hentet fra annet ark) er bevisst fraveket på dette arket for lesbarhet.

Sheet Guide
B1: GUIDE — HELSE 2026
B2: Teknisk dokumentasjon av arbeidsboken. Les denne før du endrer noe. Sist oppdatert av Claude 28.07.2026.
B4: 1 · ARKOVERSIKT | C4: Sju ark: tre er inntastingsark (Dagslogg, Treningslogg, Styrketrening), tre er beregning og visning (Vekt, Oversikt, Kommentarer), ett er arkiv.
B5: Guide | C5: Dette arket. Ren dokumentasjon, ingen formler andre ark er avhengige av.
B6: Oversikt | C6: Visuell kalender uke 31–51: fargekodede dager etter treningsform. Kun formler + betinget formatering — leser fra Treningslogg. Ingen manuell inntasting.
B7: Vekt | C7: Kaloriunderskudd og vekttap per uke. Henter alle dagsdata fra Dagslogg. Manuell inntasting bare i forutsetningsblokken og MÅL/DAG-kolonnen.
B8: Dagslogg | C8: PRIMÆR INNTASTING for kropp/kalorier. Én rad per dag 27.07–20.12.2026. Brukeren fører Minus, Vekt, Vidde, Kommentar.
B9: Treningslogg | C9: PRIMÆR INNTASTING for trening. Én rad per økt. Styrkeøkter føres kort («Økt A/B/C») — detaljene ligger på Styrketrening.
B10: Styrketrening | C10: PRIMÆR INNTASTING for styrke. 30 øktblokker (fase 1, uke 31–40) med vekt/reps per sett og automatiske summer.
B11: Kommentarer | C11: Fotnoter (1)–(8) som øvelsesnavn viser til, samt beskrivelse av både gammelt og nåværende program.
B12: Styrketrening (historikk) | C12: ARKIV — RØR IKKE. Gammelt syklusprogram (16/8/4 RM) med loggede økter fra 2025. Beholdt for sammenligning av løft over tid.
B14: 2 · DATAFLYT | C14: Dagslogg ──(dato-oppslag)─→ Vekt (MINUS-celler, SNITTVEKT, SNITTVIDDE) ─→ status- og grafdata
C15: Treningslogg ──(dato + type)─→ Oversikt (cellefarge, fargebjelke, ØKTER, DAGER)
C16: Styrketrening står alene — ingen andre ark leser fra den. Treningslogg viser bare til den i tekst.
C17: Alle datoer stammer fra ÉN kilde: Vekt!$E$4 (startdato). Endre den, og hele arbeidsboken flytter seg.
B19: 3 · VEKT | C19: Forutsetninger B3:F7 — E4 startdato (27.07.2026), E5 startvekt (77,45), E6 startlivvidde (90), E7 kcal per kg (7500). Alt annet refererer hit; ingen av disse tallene skal hardkodes i formler.
C20: Status R3:U10 — underskudd hittil, måloppnåelse %, estimert tap, faktisk tap, livvidde-reduksjon, totalt mål, fremskrevet sluttresultat. Alle formler.
C21: Matrise rad 13 = kolonneoverskrift. Rad 14–34 = uke 31–51 (én rad per uke). Rad 35 = TOTALT.
C22: Kolonner: B måned · C uke · D:Q sju dagpar (DATO/MINUS) · R SUM UKE · S UKEMÅL · T MÅL/DAG (eneste inputkolonne, 1000→600 kcal) · U EST. TAP · V EST. VEKT · W SNITTVEKT · X AVVIK · Y SNITTVIDDE.
C23: MINUS-cellene er IKKE input: =IF(COUNTIFS(Dagslogg[Dato];dato;Dagslogg[Minus];"<>")=0;"";SUMIFS(...)) — tom hvis dagen ikke er logget, 0 hvis 0 er logget.
C24: SNITTVEKT/SNITTVIDDE = AVERAGEIFS over ukens sju datoer — snitt kun over de dagene som faktisk er målt (delvis uke håndteres riktig).
C25: UKEMÅL = MÅL/DAG × antall loggede dager i uken. EST. TAP = SUM UKE / E7. Frosne ruter: A1:C13. Grafdata i Z25:AB47 (NA() for ulogget uke) — ikke rediger.
B27: 4 · DAGSLOGG | C27: Excel-tabell «Dagslogg», område A3:G150. Kolonner: Dato · Uke · Ukedag · Minus · Vekt · Vidde · Kommentar.
C28: Rad 4–150 = 147 dager, 27.07–20.12.2026. Dato/Uke/Ukedag er formler (=Vekt!$E$4+ROW()-4, ISOWEEKNUM, TEXT). Minus/Vekt/Vidde/Kommentar er input.
C29: Dagens rad markeres av betinget formatering (=$A4=TODAY()). Frosne ruter: rad 1–3. Bruk strukturerte referanser (Dagslogg[Kolonne]) i nye formler.
B31: 5 · TRENINGSLOGG | C31: Excel-tabell «Treningslogg», område A3:G203. Kolonner: Dato · Type · Beskrivelse · Varighet (min) · Distanse (km) · Intensitet · Kommentar.
C32: Type har nedtrekksliste med presis ordlyd: Styrketrening, Løping, Sykling, Svømming, Karate, Klatring, Annet. Oversikt matcher på EKSAKT denne teksten — endres et navn, må alle 13 regler på Oversikt oppdateres.
C33: Intensitet har nedtrekk: Rolig (sone 2), Terskel, Hard, Blandet. Flere økter samme dag = flere rader med samme dato (det er meningen).
B35: 6 · OVERSIKT | C35: Kalender B5:L47. TO RADER PER UKE: hovedrad (like radnr, 22 pkt, viser dagtall) + bjelkerad rett under (odde radnr, 7 pkt, innhold skjult med format ";;;").
C36: Uke nr. n ligger i rad 6+2n regnet fra uke 31 (uke 31 = rad 6–7, uke 32 = rad 8–9 osv.). Kolonner: B måned · C uke · D:J MAN–SØN · K ØKTER · L DAGER. B/C/K/L er sammenslått over de to radene per uke.
C37: 13 betingede formateringsregler på D6:J47: 6 bjelkeregler (ISODD(ROW()) + type finnes + type høyere i listen finnes) først, deretter 7 fyllregler (ISEVEN(ROW()) + type finnes). Alle stopIfTrue=true, prioritet 0–12 i legendrekkefølge.
C38: Hovedfarge = første treningsform i legendrekkefølgen som finnes den dagen. Bjelken = nummer to. Ved tre eller flere typer vises fortsatt bare nr. 2.
C39: Tegnforklaring N5:O28 — ligger bevisst bare på hovedrader (like radnr), ellers klippes teksten av de 7 punkts bjelkeradene.
B41: 7 · STYRKETRENING | C41: 30 øktblokker for fase 1 (uke 31–40 × 3 økter). Blokk nr. b starter i rad 10 + b×12, der b = (uke−31)×3 + økt (Økt A=0, B=1, C=2). Første blokk rad 10–20, siste rad 358–368.
C42: Radmønster innen en blokk (offset fra blokkstart): +0 økttittel · +1 øvelsesnavn · +2 dato + mål (sett×reps) · +3 Vekt/Reps-etiketter · +4 Oppvarming · +5 til +8 Sett 1–4 · +9 Sum · +10 Kommentar.
C43: Kolonner: B etiketter · C:N seks øvelsespar (Vekt/Reps) · O totalsum. Økt C bruker bare fire øvelser — K:N er grået ut der.
C44: SUM-LOGIKK (arvet fra historikk-arket, skal ikke endres): øvelsessum = SUMPRODUCT(vekt; reps). Lette/høyreps-øvelser merket (6) ganges med 0,25 så de ikke blåser opp totalen. O-kolonnen summerer per sett-rad med samme 0,25-faktor, og O(+9) = SUM av sett-radene.
C45: Øvelser med 0,25-faktor i fase 1: Sidehev, Hengende beinhev, Facepulls, Pallof-press. Kroppsvektsøvelser (Pullups, Chins, Dips) føres med kroppsvekt + evt. tillegg i vektfeltet — se fotnote (7).
C46: Uke 31 inneholder forslag til startvekter i KURSIV ORANSJE (#C55A11) med notat om begrunnelsen. Kursiv oransje = forslag, ikke logget data. Blå tekst = brukerens input.
C47: GJENSTÅR: bare fase 1 er bygget. Fase 2 (uke 41+, etter vedlikeholdspause 1) må legges til når programmet er justert — bygg videre med samme blokkformel (rad 10+b×12).
B49: 8 · KOMMENTARER | C49: Fotnoter (1)–(6) tilhører det gamle programmet og øvelsesnavnene på historikk-arket. (7) og (8) er nye og brukes av dagens program. Øvelsesnavn viser til dem i parentes, f.eks. «Pullups (7)».
B51: 9 · FARGER OG KONVENSJONER | C51: Varm palett. Hovedoverskrift/ramme #A0392B · underoverskrift #C4671E · aksent #D9A125 · positivt #6E8B5A · lys bunn #FBF0E2 og #F7F1E8 · tekst #6B5B4E og #B39B84 · tittel #7A3B1F.
C52: Treningsformer (samme farger på Oversikt og i tegnforklaring): Styrketrening #A0392B · Løping #C4671E · Sykling #D9A125 · Svømming #6E8B5A · Karate #7D3C58 · Klatring #4E6E75 · Annet #9A8878.
C53: Tekstfarger som betyr noe: BLÅ = input brukeren fyller inn · SVART = formel på samme ark · GRØNN = henter fra annet ark · KURSIV ORANSJE = forslag fra Claude, ikke faktiske data.
C54: Felles for alle arbeidsark: tittel i B1 (16 pkt halvfet #7A3B1F), kursiv undertittel i B2, rutenett av, fargekodet arkfane, tabellstil TableStyleMedium3.
C55: Tallformat: null vises som «–», negative tall i parentes, prosent med én desimal, datoer som dd.mm.yyyy (Dagslogg) eller «ddd dd.mm.yy» (Styrketrening). Språk: norsk bokmål gjennomgående.
B57: 10 · REGLER FOR CLAUDE | C57: 1. RØR IKKE «Styrketrening (historikk)». Den er arkiv.
C58: 2. Skriv aldri tall rett inn i Vekt-matrisens MINUS-celler eller SNITTVEKT/SNITTVIDDE — de er formler. All dagsdata inn i Dagslogg.
C59: 3. Endre aldri sum-logikken på Styrketrening (SUMPRODUCT + 0,25-faktor). Brukeren sammenligner mot historiske tall.
C60: 4. Nye datoer skal alltid avledes fra Vekt!$E$4, aldri hardkodes.
C61: 5. Bruk strukturerte referanser mot tabellene (Dagslogg[...], Treningslogg[...]) så nye rader fanges opp.
C62: 6. Rydd alltid opp prøvedata etter testing, og les tilbake for å bekrefte at det er borte.
C63: 7. Skjul aldri rader/kolonner — bruk gruppering hvis noe skal kunne kollapses.
C64: 8. Endres et treningsformnavn i Treningslogg, må alle 13 regler på Oversikt bygges om (formlene inneholder navnet som tekst).
B66: 11 · TEKNISKE FALLGRUVER | C66: Betinget formatering: kantlinjer kan bare være TYNNE, og stilen «Double» avvises. Derfor løses «to farger samme dag» med en egen bjelkerad, ikke med kantlinje.
C67: numberFormat må settes som 1×1-array for å kringkastes over et større område — [["d"]] virker, [["d","d"]] over 21×2 feiler.
C68: getRange() med flerområde-streng ("A1:B2,D1:E2") feiler — bruk én range per kall, eller getRanges().
C69: Store skrivinger på Styrketrening (368 rader) må deles i biter, ellers time-out. Del gjerne i fire blokker à ca. 90 rader.
C70: Sammenslåtte celler: Oversikt har 84 merges (B/C/K/L per uke) og Styrketrening merger øvelsesnavn over kolonnepar. Sjekk mergedRanges før du limer inn over dem.
C71: Fotnotetekst som «(7)» må skrives med tekstformat (@), ellers tolker Excel det som −7.
B73: 12 · KILDE | C73: Programmet arket bygger på: «Trenings- og kostholdsprogram» (fase 1–3 vektplan, fullkropp 3×/uke supersett, løpeprogram, kosthold). Mål: 78 → 63 kg netto, livvidde 92 → 78–81 cm, halvmaraton under 1:25 på lang sikt. Uke 31–40 = fase 1, deretter vedlikeholdspause.
B75: 13 · DASHBOARD | C75: Lagt til 31.07.2026, ligger først i arbeidsboken. Rent visningsark: nøkkeltall fra Vekt-statusen, «denne uken»-tall, økter per treningsform og ukentlig kaloriunderskudd mot ukemål (tekstbjelker med REPT). Alt er formler som leser fra Dagslogg, Treningslogg, Vekt og Oversikt — ingen inntasting, og ingen andre ark leser fra det. Grønn-tekst-konvensjonen i §9 er bevisst fraveket der for lesbarhet.

Sheet Oversikt
B1: TRENINGSOVERSIKT — HØST 2026
B2: Farge = treningsform (fra Treningslogg). Tom celle = hviledag.
B5: MÅNED | C5: UKE | D5: MAN | E5: TIR | F5: ONS | G5: TOR | H5: FRE | I5: LØR | J5: SØN | K5: ØKTER | L5: DAGER | N5: TEGNFORKLARING
B6: =IF(OR(ROW()=6,MONTH(D6)<>MONTH(D6-7)),PROPER(TEXT(D6,"mmmm")),"") -> Juli | C6: =_xlfn.ISOWEEKNUM(D6) -> 31 | D6: =Vekt!$E$4 -> 46230 | E6: =D6+1 -> 46231 | F6: =D6+2 -> 46232 | G6: =D6+3 -> 46233 | H6: =D6+4 -> 46234 | I6: =D6+5 -> 46235 | J6: =D6+6 -> 46236 | K6: =COUNTIFS(Treningslogg!$A:$A,">="&D6,Treningslogg!$A:$A,"<="&J6) -> 11 | L6: {=SUMPRODUCT(--(COUNTIF(Treningslogg!$A:$A,D6:J6)>0))} -> 7 | O6: Styrketrening
D7: =D6 -> 46230 | E7: =E6 -> 46231 | F7: =F6 -> 46232 | G7: =G6 -> 46233 | H7: =H6 -> 46234 | I7: =I6 -> 46235 | J7: =J6 -> 46236
B8: =IF(OR(ROW()=6,MONTH(D8)<>MONTH(D8-7)),PROPER(TEXT(D8,"mmmm")),"") -> August | C8: =_xlfn.ISOWEEKNUM(D8) -> 32 | D8: =D6+7 -> 46237 | E8: =D8+1 -> 46238 | F8: =D8+2 -> 46239 | G8: =D8+3 -> 46240 | H8: =D8+4 -> 46241 | I8: =D8+5 -> 46242 | J8: =D8+6 -> 46243 | K8: =COUNTIFS(Treningslogg!$A:$A,">="&D8,Treningslogg!$A:$A,"<="&J8) -> 0 | L8: {=SUMPRODUCT(--(COUNTIF(Treningslogg!$A:$A,D8:J8)>0))} -> 0 | O8: Løping
D9: =D8 -> 46237 | E9: =E8 -> 46238 | F9: =F8 -> 46239 | G9: =G8 -> 46240 | H9: =H8 -> 46241 | I9: =I8 -> 46242 | J9: =J8 -> 46243
B10: =IF(OR(ROW()=6,MONTH(D10)<>MONTH(D10-7)),PROPER(TEXT(D10,"mmmm")),"") | C10: =_xlfn.ISOWEEKNUM(D10) -> 33 | D10: =D8+7 -> 46244 | E10: =D10+1 -> 46245 | F10: =D10+2 -> 46246 | G10: =D10+3 -> 46247 | H10: =D10+4 -> 46248 | I10: =D10+5 -> 46249 | J10: =D10+6 -> 46250 | K10: =COUNTIFS(Treningslogg!$A:$A,">="&D10,Treningslogg!$A:$A,"<="&J10) -> 0 | L10: {=SUMPRODUCT(--(COUNTIF(Treningslogg!$A:$A,D10:J10)>0))} -> 0 | O10: Sykling
D11: =D10 -> 46244 | E11: =E10 -> 46245 | F11: =F10 -> 46246 | G11: =G10 -> 46247 | H11: =H10 -> 46248 | I11: =I10 -> 46249 | J11: =J10 -> 46250
B12: =IF(OR(ROW()=6,MONTH(D12)<>MONTH(D12-7)),PROPER(TEXT(D12,"mmmm")),"") | C12: =_xlfn.ISOWEEKNUM(D12) -> 34 | D12: =D10+7 -> 46251 | E12: =D12+1 -> 46252 | F12: =D12+2 -> 46253 | G12: =D12+3 -> 46254 | H12: =D12+4 -> 46255 | I12: =D12+5 -> 46256 | J12: =D12+6 -> 46257 | K12: =COUNTIFS(Treningslogg!$A:$A,">="&D12,Treningslogg!$A:$A,"<="&J12) -> 0 | L12: {=SUMPRODUCT(--(COUNTIF(Treningslogg!$A:$A,D12:J12)>0))} -> 0 | O12: Svømming
D13: =D12 -> 46251 | E13: =E12 -> 46252 | F13: =F12 -> 46253 | G13: =G12 -> 46254 | H13: =H12 -> 46255 | I13: =I12 -> 46256 | J13: =J12 -> 46257
B14: =IF(OR(ROW()=6,MONTH(D14)<>MONTH(D14-7)),PROPER(TEXT(D14,"mmmm")),"") | C14: =_xlfn.ISOWEEKNUM(D14) -> 35 | D14: =D12+7 -> 46258 | E14: =D14+1 -> 46259 | F14: =D14+2 -> 46260 | G14: =D14+3 -> 46261 | H14: =D14+4 -> 46262 | I14: =D14+5 -> 46263 | J14: =D14+6 -> 46264 | K14: =COUNTIFS(Treningslogg!$A:$A,">="&D14,Treningslogg!$A:$A,"<="&J14) -> 0 | L14: {=SUMPRODUCT(--(COUNTIF(Treningslogg!$A:$A,D14:J14)>0))} -> 0 | O14: Karate
D15: =D14 -> 46258 | E15: =E14 -> 46259 | F15: =F14 -> 46260 | G15: =G14 -> 46261 | H15: =H14 -> 46262 | I15: =I14 -> 46263 | J15: =J14 -> 46264
B16: =IF(OR(ROW()=6,MONTH(D16)<>MONTH(D16-7)),PROPER(TEXT(D16,"mmmm")),"") | C16: =_xlfn.ISOWEEKNUM(D16) -> 36 | D16: =D14+7 -> 46265 | E16: =D16+1 -> 46266 | F16: =D16+2 -> 46267 | G16: =D16+3 -> 46268 | H16: =D16+4 -> 46269 | I16: =D16+5 -> 46270 | J16: =D16+6 -> 46271 | K16: =COUNTIFS(Treningslogg!$A:$A,">="&D16,Treningslogg!$A:$A,"<="&J16) -> 0 | L16: {=SUMPRODUCT(--(COUNTIF(Treningslogg!$A:$A,D16:J16)>0))} -> 0 | O16: Klatring
D17: =D16 -> 46265 | E17: =E16 -> 46266 | F17: =F16 -> 46267 | G17: =G16 -> 46268 | H17: =H16 -> 46269 | I17: =I16 -> 46270 | J17: =J16 -> 46271
B18: =IF(OR(ROW()=6,MONTH(D18)<>MONTH(D18-7)),PROPER(TEXT(D18,"mmmm")),"") -> September | C18: =_xlfn.ISOWEEKNUM(D18) -> 37 | D18: =D16+7 -> 46272 | E18: =D18+1 -> 46273 | F18: =D18+2 -> 46274 | G18: =D18+3 -> 46275 | H18: =D18+4 -> 46276 | I18: =D18+5 -> 46277 | J18: =D18+6 -> 46278 | K18: =COUNTIFS(Treningslogg!$A:$A,">="&D18,Treningslogg!$A:$A,"<="&J18) -> 0 | L18: {=SUMPRODUCT(--(COUNTIF(Treningslogg!$A:$A,D18:J18)>0))} -> 0 | O18: Annet
D19: =D18 -> 46272 | E19: =E18 -> 46273 | F19: =F18 -> 46274 | G19: =G18 -> 46275 | H19: =H18 -> 46276 | I19: =I18 -> 46277 | J19: =J18 -> 46278
B20: =IF(OR(ROW()=6,MONTH(D20)<>MONTH(D20-7)),PROPER(TEXT(D20,"mmmm")),"") | C20: =_xlfn.ISOWEEKNUM(D20) -> 38 | D20: =D18+7 -> 46279 | E20: =D20+1 -> 46280 | F20: =D20+2 -> 46281 | G20: =D20+3 -> 46282 | H20: =D20+4 -> 46283 | I20: =D20+5 -> 46284 | J20: =D20+6 -> 46285 | K20: =COUNTIFS(Treningslogg!$A:$A,">="&D20,Treningslogg!$A:$A,"<="&J20) -> 0 | L20: {=SUMPRODUCT(--(COUNTIF(Treningslogg!$A:$A,D20:J20)>0))} -> 0 | N20: tom celle | O20: hviledag
D21: =D20 -> 46279 | E21: =E20 -> 46280 | F21: =F20 -> 46281 | G21: =G20 -> 46282 | H21: =H20 -> 46283 | I21: =I20 -> 46284 | J21: =J20 -> 46285
B22: =IF(OR(ROW()=6,MONTH(D22)<>MONTH(D22-7)),PROPER(TEXT(D22,"mmmm")),"") | C22: =_xlfn.ISOWEEKNUM(D22) -> 39 | D22: =D20+7 -> 46286 | E22: =D22+1 -> 46287 | F22: =D22+2 -> 46288 | G22: =D22+3 -> 46289 | H22: =D22+4 -> 46290 | I22: =D22+5 -> 46291 | J22: =D22+6 -> 46292 | K22: =COUNTIFS(Treningslogg!$A:$A,">="&D22,Treningslogg!$A:$A,"<="&J22) -> 0 | L22: {=SUMPRODUCT(--(COUNTIF(Treningslogg!$A:$A,D22:J22)>0))} -> 0 | N22: ▄ | O22: fargebjelke under dagen = andre økttype samme dag
D23: =D22 -> 46286 | E23: =E22 -> 46287 | F23: =F22 -> 46288 | G23: =G22 -> 46289 | H23: =H22 -> 46290 | I23: =I22 -> 46291 | J23: =J22 -> 46292
B24: =IF(OR(ROW()=6,MONTH(D24)<>MONTH(D24-7)),PROPER(TEXT(D24,"mmmm")),"") | C24: =_xlfn.ISOWEEKNUM(D24) -> 40 | D24: =D22+7 -> 46293 | E24: =D24+1 -> 46294 | F24: =D24+2 -> 46295 | G24: =D24+3 -> 46296 | H24: =D24+4 -> 46297 | I24: =D24+5 -> 46298 | J24: =D24+6 -> 46299 | K24: =COUNTIFS(Treningslogg!$A:$A,">="&D24,Treningslogg!$A:$A,"<="&J24) -> 0 | L24: {=SUMPRODUCT(--(COUNTIF(Treningslogg!$A:$A,D24:J24)>0))} -> 0 | O24: flere enn to typer: bjelken viser type nr. 2 i listen over
D25: =D24 -> 46293 | E25: =E24 -> 46294 | F25: =F24 -> 46295 | G25: =G24 -> 46296 | H25: =H24 -> 46297 | I25: =I24 -> 46298 | J25: =J24 -> 46299
B26: =IF(OR(ROW()=6,MONTH(D26)<>MONTH(D26-7)),PROPER(TEXT(D26,"mmmm")),"") -> Oktober | C26: =_xlfn.ISOWEEKNUM(D26) -> 41 | D26: =D24+7 -> 46300 | E26: =D26+1 -> 46301 | F26: =D26+2 -> 46302 | G26: =D26+3 -> 46303 | H26: =D26+4 -> 46304 | I26: =D26+5 -> 46305 | J26: =D26+6 -> 46306 | K26: =COUNTIFS(Treningslogg!$A:$A,">="&D26,Treningslogg!$A:$A,"<="&J26) -> 0 | L26: {=SUMPRODUCT(--(COUNTIF(Treningslogg!$A:$A,D26:J26)>0))} -> 0
D27: =D26 -> 46300 | E27: =E26 -> 46301 | F27: =F26 -> 46302 | G27: =G26 -> 46303 | H27: =H26 -> 46304 | I27: =I26 -> 46305 | J27: =J26 -> 46306
B28: =IF(OR(ROW()=6,MONTH(D28)<>MONTH(D28-7)),PROPER(TEXT(D28,"mmmm")),"") | C28: =_xlfn.ISOWEEKNUM(D28) -> 42 | D28: =D26+7 -> 46307 | E28: =D28+1 -> 46308 | F28: =D28+2 -> 46309 | G28: =D28+3 -> 46310 | H28: =D28+4 -> 46311 | I28: =D28+5 -> 46312 | J28: =D28+6 -> 46313 | K28: =COUNTIFS(Treningslogg!$A:$A,">="&D28,Treningslogg!$A:$A,"<="&J28) -> 0 | L28: {=SUMPRODUCT(--(COUNTIF(Treningslogg!$A:$A,D28:J28)>0))} -> 0 | N28: DEMO | O28: Uke 31 er fylt med demo-økter. Slett DEMO-radene i Treningslogg for å nullstille.
D29: =D28 -> 46307 | E29: =E28 -> 46308 | F29: =F28 -> 46309 | G29: =G28 -> 46310 | H29: =H28 -> 46311 | I29: =I28 -> 46312 | J29: =J28 -> 46313
B30: =IF(OR(ROW()=6,MONTH(D30)<>MONTH(D30-7)),PROPER(TEXT(D30,"mmmm")),"") | C30: =_xlfn.ISOWEEKNUM(D30) -> 43 | D30: =D28+7 -> 46314 | E30: =D30+1 -> 46315 | F30: =D30+2 -> 46316 | G30: =D30+3 -> 46317 | H30: =D30+4 -> 46318 | I30: =D30+5 -> 46319 | J30: =D30+6 -> 46320 | K30: =COUNTIFS(Treningslogg!$A:$A,">="&D30,Treningslogg!$A:$A,"<="&J30) -> 0 | L30: {=SUMPRODUCT(--(COUNTIF(Treningslogg!$A:$A,D30:J30)>0))} -> 0
D31: =D30 -> 46314 | E31: =E30 -> 46315 | F31: =F30 -> 46316 | G31: =G30 -> 46317 | H31: =H30 -> 46318 | I31: =I30 -> 46319 | J31: =J30 -> 46320
B32: =IF(OR(ROW()=6,MONTH(D32)<>MONTH(D32-7)),PROPER(TEXT(D32,"mmmm")),"") | C32: =_xlfn.ISOWEEKNUM(D32) -> 44 | D32: =D30+7 -> 46321 | E32: =D32+1 -> 46322 | F32: =D32+2 -> 46323 | G32: =D32+3 -> 46324 | H32: =D32+4 -> 46325 | I32: =D32+5 -> 46326 | J32: =D32+6 -> 46327 | K32: =COUNTIFS(Treningslogg!$A:$A,">="&D32,Treningslogg!$A:$A,"<="&J32) -> 0 | L32: {=SUMPRODUCT(--(COUNTIF(Treningslogg!$A:$A,D32:J32)>0))} -> 0
D33: =D32 -> 46321 | E33: =E32 -> 46322 | F33: =F32 -> 46323 | G33: =G32 -> 46324 | H33: =H32 -> 46325 | I33: =I32 -> 46326 | J33: =J32 -> 46327
B34: =IF(OR(ROW()=6,MONTH(D34)<>MONTH(D34-7)),PROPER(TEXT(D34,"mmmm")),"") -> November | C34: =_xlfn.ISOWEEKNUM(D34) -> 45 | D34: =D32+7 -> 46328 | E34: =D34+1 -> 46329 | F34: =D34+2 -> 46330 | G34: =D34+3 -> 46331 | H34: =D34+4 -> 46332 | I34: =D34+5 -> 46333 | J34: =D34+6 -> 46334 | K34: =COUNTIFS(Treningslogg!$A:$A,">="&D34,Treningslogg!$A:$A,"<="&J34) -> 0 | L34: {=SUMPRODUCT(--(COUNTIF(Treningslogg!$A:$A,D34:J34)>0))} -> 0
D35: =D34 -> 46328 | E35: =E34 -> 46329 | F35: =F34 -> 46330 | G35: =G34 -> 46331 | H35: =H34 -> 46332 | I35: =I34 -> 46333 | J35: =J34 -> 46334
B36: =IF(OR(ROW()=6,MONTH(D36)<>MONTH(D36-7)),PROPER(TEXT(D36,"mmmm")),"") | C36: =_xlfn.ISOWEEKNUM(D36) -> 46 | D36: =D34+7 -> 46335 | E36: =D36+1 -> 46336 | F36: =D36+2 -> 46337 | G36: =D36+3 -> 46338 | H36: =D36+4 -> 46339 | I36: =D36+5 -> 46340 | J36: =D36+6 -> 46341 | K36: =COUNTIFS(Treningslogg!$A:$A,">="&D36,Treningslogg!$A:$A,"<="&J36) -> 0 | L36: {=SUMPRODUCT(--(COUNTIF(Treningslogg!$A:$A,D36:J36)>0))} -> 0
D37: =D36 -> 46335 | E37: =E36 -> 46336 | F37: =F36 -> 46337 | G37: =G36 -> 46338 | H37: =H36 -> 46339 | I37: =I36 -> 46340 | J37: =J36 -> 46341
B38: =IF(OR(ROW()=6,MONTH(D38)<>MONTH(D38-7)),PROPER(TEXT(D38,"mmmm")),"") | C38: =_xlfn.ISOWEEKNUM(D38) -> 47 | D38: =D36+7 -> 46342 | E38: =D38+1 -> 46343 | F38: =D38+2 -> 46344 | G38: =D38+3 -> 46345 | H38: =D38+4 -> 46346 | I38: =D38+5 -> 46347 | J38: =D38+6 -> 46348 | K38: =COUNTIFS(Treningslogg!$A:$A,">="&D38,Treningslogg!$A:$A,"<="&J38) -> 0 | L38: {=SUMPRODUCT(--(COUNTIF(Treningslogg!$A:$A,D38:J38)>0))} -> 0
D39: =D38 -> 46342 | E39: =E38 -> 46343 | F39: =F38 -> 46344 | G39: =G38 -> 46345 | H39: =H38 -> 46346 | I39: =I38 -> 46347 | J39: =J38 -> 46348
B40: =IF(OR(ROW()=6,MONTH(D40)<>MONTH(D40-7)),PROPER(TEXT(D40,"mmmm")),"") | C40: =_xlfn.ISOWEEKNUM(D40) -> 48 | D40: =D38+7 -> 46349 | E40: =D40+1 -> 46350 | F40: =D40+2 -> 46351 | G40: =D40+3 -> 46352 | H40: =D40+4 -> 46353 | I40: =D40+5 -> 46354 | J40: =D40+6 -> 46355 | K40: =COUNTIFS(Treningslogg!$A:$A,">="&D40,Treningslogg!$A:$A,"<="&J40) -> 0 | L40: {=SUMPRODUCT(--(COUNTIF(Treningslogg!$A:$A,D40:J40)>0))} -> 0
D41: =D40 -> 46349 | E41: =E40 -> 46350 | F41: =F40 -> 46351 | G41: =G40 -> 46352 | H41: =H40 -> 46353 | I41: =I40 -> 46354 | J41: =J40 -> 46355
B42: =IF(OR(ROW()=6,MONTH(D42)<>MONTH(D42-7)),PROPER(TEXT(D42,"mmmm")),"") | C42: =_xlfn.ISOWEEKNUM(D42) -> 49 | D42: =D40+7 -> 46356 | E42: =D42+1 -> 46357 | F42: =D42+2 -> 46358 | G42: =D42+3 -> 46359 | H42: =D42+4 -> 46360 | I42: =D42+5 -> 46361 | J42: =D42+6 -> 46362 | K42: =COUNTIFS(Treningslogg!$A:$A,">="&D42,Treningslogg!$A:$A,"<="&J42) -> 0 | L42: {=SUMPRODUCT(--(COUNTIF(Treningslogg!$A:$A,D42:J42)>0))} -> 0
D43: =D42 -> 46356 | E43: =E42 -> 46357 | F43: =F42 -> 46358 | G43: =G42 -> 46359 | H43: =H42 -> 46360 | I43: =I42 -> 46361 | J43: =J42 -> 46362
B44: =IF(OR(ROW()=6,MONTH(D44)<>MONTH(D44-7)),PROPER(TEXT(D44,"mmmm")),"") -> Desember | C44: =_xlfn.ISOWEEKNUM(D44) -> 50 | D44: =D42+7 -> 46363 | E44: =D44+1 -> 46364 | F44: =D44+2 -> 46365 | G44: =D44+3 -> 46366 | H44: =D44+4 -> 46367 | I44: =D44+5 -> 46368 | J44: =D44+6 -> 46369 | K44: =COUNTIFS(Treningslogg!$A:$A,">="&D44,Treningslogg!$A:$A,"<="&J44) -> 0 | L44: {=SUMPRODUCT(--(COUNTIF(Treningslogg!$A:$A,D44:J44)>0))} -> 0
D45: =D44 -> 46363 | E45: =E44 -> 46364 | F45: =F44 -> 46365 | G45: =G44 -> 46366 | H45: =H44 -> 46367 | I45: =I44 -> 46368 | J45: =J44 -> 46369
B46: =IF(OR(ROW()=6,MONTH(D46)<>MONTH(D46-7)),PROPER(TEXT(D46,"mmmm")),"") | C46: =_xlfn.ISOWEEKNUM(D46) -> 51 | D46: =D44+7 -> 46370 | E46: =D46+1 -> 46371 | F46: =D46+2 -> 46372 | G46: =D46+3 -> 46373 | H46: =D46+4 -> 46374 | I46: =D46+5 -> 46375 | J46: =D46+6 -> 46376 | K46: =COUNTIFS(Treningslogg!$A:$A,">="&D46,Treningslogg!$A:$A,"<="&J46) -> 0 | L46: {=SUMPRODUCT(--(COUNTIF(Treningslogg!$A:$A,D46:J46)>0))} -> 0
D47: =D46 -> 46370 | E47: =E46 -> 46371 | F47: =F46 -> 46372 | G47: =G46 -> 46373 | H47: =H46 -> 46374 | I47: =I46 -> 46375 | J47: =J46 -> 46376

Sheet Vekt
B1: VEKT & KALORIUNDERSKUDD — HØST 2026
B2: Netto kaloriunderskudd per dag → estimert vs. faktisk vekttap. Alle dagsdata føres i Dagslogg.
B3: FORUTSETNINGER | R3: STATUS
B4: Startdato (mandag uke 31) | E4: 46230 | R4: Underskudd hittil (kcal) | U4: =SUM($R$14:$R$34) -> 2100
B5: Startvekt (kg) | E5: 77.45 | R5: Måloppnåelse hittil | U5: =IFERROR(U4/SUM($S$14:$S$34),"") -> 1.05
B6: Startlivvidde (cm) | E6: 90 | R6: Estimert tap hittil (kg) | U6: =SUM($U$14:$U$34) -> 0.28
B7: Kcal per kg kroppsvekt | E7: 7500 | R7: Faktisk tap hittil (kg) | U7: {=IFERROR($E$5-LOOKUP(2,1/($W$14:$W$34<>""),$W$14:$W$34),"")} -> -0.05
R8: Livvidde-reduksjon (cm) | U8: {=IFERROR($E$6-LOOKUP(2,1/($Y$14:$Y$34<>""),$Y$14:$Y$34),"")} -> 1.25
R9: Totalt mål (kg) | U9: =7*SUM($T$14:$T$34)/$E$7 -> 15.866667
R10: Fremskrevet sluttresultat (kg) | U10: =IFERROR(U5*U9,"") -> 16.66
B12: MÅNED / UKE | D12: MANDAG | F12: TIRSDAG | H12: ONSDAG | J12: TORSDAG | L12: FREDAG | N12: LØRDAG | P12: SØNDAG | R12: KALORIER (KCAL) | U12: VEKT (KG) | Y12: VIDDE (CM)
B13: MÅNED | C13: UKE | D13: DATO | E13: MINUS | F13: DATO | G13: MINUS | H13: DATO | I13: MINUS | J13: DATO | K13: MINUS | L13: DATO | M13: MINUS | N13: DATO | O13: MINUS | P13: DATO | Q13: MINUS | R13: SUM UKE | S13: UKEMÅL | T13: MÅL/DAG | U13: EST. TAP | V13: EST. VEKT | W13: SNITTVEKT | X13: AVVIK | Y13: SNITTVIDDE
B14: JULI | C14: 31 | D14: =$E$4 -> 46230 | E14: =IF(COUNTIFS(Dagslogg[Dato],D14,Dagslogg[Minus],"<>")=0,"",SUMIFS(Dagslogg[Minus],Dagslogg[Dato],D14)) | F14: =D14+1 -> 46231 | G14: =IF(COUNTIFS(Dagslogg[Dato],F14,Dagslogg[Minus],"<>")=0,"",SUMIFS(Dagslogg[Minus],Dagslogg[Dato],F14)) -> 1000 | H14: =F14+1 -> 46232 | I14: =IF(COUNTIFS(Dagslogg[Dato],H14,Dagslogg[Minus],"<>")=0,"",SUMIFS(Dagslogg[Minus],Dagslogg[Dato],H14)) -> 1100 | J14: =H14+1 -> 46233 | K14: =IF(COUNTIFS(Dagslogg[Dato],J14,Dagslogg[Minus],"<>")=0,"",SUMIFS(Dagslogg[Minus],Dagslogg[Dato],J14)) | L14: =J14+1 -> 46234 | M14: =IF(COUNTIFS(Dagslogg[Dato],L14,Dagslogg[Minus],"<>")=0,"",SUMIFS(Dagslogg[Minus],Dagslogg[Dato],L14)) | N14: =L14+1 -> 46235 | O14: =IF(COUNTIFS(Dagslogg[Dato],N14,Dagslogg[Minus],"<>")=0,"",SUMIFS(Dagslogg[Minus],Dagslogg[Dato],N14)) | P14: =N14+1 -> 46236 | Q14: =IF(COUNTIFS(Dagslogg[Dato],P14,Dagslogg[Minus],"<>")=0,"",SUMIFS(Dagslogg[Minus],Dagslogg[Dato],P14)) | R14: =IF(COUNT(E14,G14,I14,K14,M14,O14,Q14)=0,"",SUM(E14,G14,I14,K14,M14,O14,Q14)) -> 2100 | S14: =IF(R14="","",T14*COUNT(E14,G14,I14,K14,M14,O14,Q14)) -> 2000 | T14: 1000 | U14: =IF(R14="","",R14/$E$7) -> 0.28 | V14: =IF(R14="","",$E$5-SUM($U$14:U14)) -> 77.17 | W14: =IFERROR(AVERAGEIFS(Dagslogg[Vekt],Dagslogg[Dato],">="&D14,Dagslogg[Dato],"<="&D14+6),"") -> 77.5 | X14: =IF(OR(W14="",V14=""),"",W14-V14) -> 0.33 | Y14: =IFERROR(AVERAGEIFS(Dagslogg[Vidde],Dagslogg[Dato],">="&D14,Dagslogg[Dato],"<="&D14+6),"") -> 88.75
B15: AUGUST | C15: =C14+1 -> 32 | D15: =D14+7 -> 46237 | E15: =IF(COUNTIFS(Dagslogg[Dato],D15,Dagslogg[Minus],"<>")=0,"",SUMIFS(Dagslogg[Minus],Dagslogg[Dato],D15)) | F15: =D15+1 -> 46238 | G15: =IF(COUNTIFS(Dagslogg[Dato],F15,Dagslogg[Minus],"<>")=0,"",SUMIFS(Dagslogg[Minus],Dagslogg[Dato],F15)) | H15: =F15+1 -> 46239 | I15: =IF(COUNTIFS(Dagslogg[Dato],H15,Dagslogg[Minus],"<>")=0,"",SUMIFS(Dagslogg[Minus],Dagslogg[Dato],H15)) | J15: =H15+1 -> 46240 | K15: =IF(COUNTIFS(Dagslogg[Dato],J15,Dagslogg[Minus],"<>")=0,"",SUMIFS(Dagslogg[Minus],Dagslogg[Dato],J15)) | L15: =J15+1 -> 46241 | M15: =IF(COUNTIFS(Dagslogg[Dato],L15,Dagslogg[Minus],"<>")=0,"",SUMIFS(Dagslogg[Minus],Dagslogg[Dato],L15)) | N15: =L15+1 -> 46242 | O15: =IF(COUNTIFS(Dagslogg[Dato],N15,Dagslogg[Minus],"<>")=0,"",SUMIFS(Dagslogg[Minus],Dagslogg[Dato],N15)) | P15: =N15+1 -> 46243 | Q15: =IF(COUNTIFS(Dagslogg[Dato],P15,Dagslogg[Minus],"<>")=0,"",SUMIFS(Dagslogg[Minus],Dagslogg[Dato],P15)) | R15: =IF(COUNT(E15,G15,I15,K15,M15,O15,Q15)=0,"",SUM(E15,G15,I15,K15,M15,O15,Q15)) | S15: =IF(R15="","",T15*COUNT(E15,G15,I15,K15,M15,O15,Q15)) | T15: 1000 | U15: =IF(R15="","",R15/$E$7) | V15: =IF(R15="","",$E$5-SUM($U$14:U15)) | W15: =IFERROR(AVERAGEIFS(Dagslogg[Vekt],Dagslogg[Dato],">="&D15,Dagslogg[Dato],"<="&D15+6),"") | X15: =IF(OR(W15="",V15=""),"",W15-V15) | Y15: =IFERROR(AVERAGEIFS(Dagslogg[Vidde],Dagslogg[Dato],">="&D15,Dagslogg[Dato],"<="&D15+6),"")
C16: =C15+1 -> 33 | D16: =D15+7 -> 46244 | E16: =IF(COUNTIFS(Dagslogg[Dato],D16,Dagslogg[Minus],"<>")=0,"",SUMIFS(Dagslogg[Minus],Dagslogg[Dato],D16)) | F16: =D16+1 -> 46245 | G16: =IF(COUNTIFS(Dagslogg[Dato],F16,Dagslogg[Minus],"<>")=0,"",SUMIFS(Dagslogg[Minus],Dagslogg[Dato],F16)) | H16: =F16+1 -> 46246 | I16: =IF(COUNTIFS(Dagslogg[Dato],H16,Dagslogg[Minus],"<>")=0,"",SUMIFS(Dagslogg[Minus],Dagslogg[Dato],H16)) | J16: =H16+1 -> 46247 | K16: =IF(COUNTIFS(Dagslogg[Dato],J16,Dagslogg[Minus],"<>")=0,"",SUMIFS(Dagslogg[Minus],Dagslogg[Dato],J16)) | L16: =J16+1 -> 46248 | M16: =IF(COUNTIFS(Dagslogg[Dato],L16,Dagslogg[Minus],"<>")=0,"",SUMIFS(Dagslogg[Minus],Dagslogg[Dato],L16)) | N16: =L16+1 -> 46249 | O16: =IF(COUNTIFS(Dagslogg[Dato],N16,Dagslogg[Minus],"<>")=0,"",SUMIFS(Dagslogg[Minus],Dagslogg[Dato],N16)) | P16: =N16+1 -> 46250 | Q16: =IF(COUNTIFS(Dagslogg[Dato],P16,Dagslogg[Minus],"<>")=0,"",SUMIFS(Dagslogg[Minus],Dagslogg[Dato],P16)) | R16: =IF(COUNT(E16,G16,I16,K16,M16,O16,Q16)=0,"",SUM(E16,G16,I16,K16,M16,O16,Q16)) | S16: =IF(R16="","",T16*COUNT(E16,G16,I16,K16,M16,O16,Q16)) | T16: 1000 | U16: =IF(R16="","",R16/$E$7) | V16: =IF(R16="","",$E$5-SUM($U$14:U16)) | W16: =IFERROR(AVERAGEIFS(Dagslogg[Vekt],Dagslogg[Dato],">="&D16,Dagslogg[Dato],"<="&D16+6),"") | X16: =IF(OR(W16="",V16=""),"",W16-V16) | Y16: =IFERROR(AVERAGEIFS(Dagslogg[Vidde],Dagslogg[Dato],">="&D16,Dagslogg[Dato],"<="&D16+6),"")
C17: =C16+1 -> 34 | D17: =D16+7 -> 46251 | E17: =IF(COUNTIFS(Dagslogg[Dato],D17,Dagslogg[Minus],"<>")=0,"",SUMIFS(Dagslogg[Minus],Dagslogg[Dato],D17)) | F17: =D17+1 -> 46252 | G17: =IF(COUNTIFS(Dagslogg[Dato],F17,Dagslogg[Minus],"<>")=0,"",SUMIFS(Dagslogg[Minus],Dagslogg[Dato],F17)) | H17: =F17+1 -> 46253 | I17: =IF(COUNTIFS(Dagslogg[Dato],H17,Dagslogg[Minus],"<>")=0,"",SUMIFS(Dagslogg[Minus],Dagslogg[Dato],H17)) | J17: =H17+1 -> 46254 | K17: =IF(COUNTIFS(Dagslogg[Dato],J17,Dagslogg[Minus],"<>")=0,"",SUMIFS(Dagslogg[Minus],Dagslogg[Dato],J17)) | L17: =J17+1 -> 46255 | M17: =IF(COUNTIFS(Dagslogg[Dato],L17,Dagslogg[Minus],"<>")=0,"",SUMIFS(Dagslogg[Minus],Dagslogg[Dato],L17)) | N17: =L17+1 -> 46256 | O17: =IF(COUNTIFS(Dagslogg[Dato],N17,Dagslogg[Minus],"<>")=0,"",SUMIFS(Dagslogg[Minus],Dagslogg[Dato],N17)) | P17: =N17+1 -> 46257 | Q17: =IF(COUNTIFS(Dagslogg[Dato],P17,Dagslogg[Minus],"<>")=0,"",SUMIFS(Dagslogg[Minus],Dagslogg[Dato],P17)) | R17: =IF(COUNT(E17,G17,I17,K17,M17,O17,Q17)=0,"",SUM(E17,G17,I17,K17,M17,O17,Q17)) | S17: =IF(R17="","",T17*COUNT(E17,G17,I17,K17,M17,O17,Q17)) | T17: 1000 | U17: =IF(R17="","",R17/$E$7) | V17: =IF(R17="","",$E$5-SUM($U$14:U17)) | W17: =IFERROR(AVERAGEIFS(Dagslogg[Vekt],Dagslogg[Dato],">="&D17,Dagslogg[Dato],"<="&D17+6),"") | X17: =IF(OR(W17="",V17=""),"",W17-V17) | Y17: =IFERROR(AVERAGEIFS(Dagslogg[Vidde],Dagslogg[Dato],">="&D17,Dagslogg[Dato],"<="&D17+6),"")
C18: =C17+1 -> 35 | D18: =D17+7 -> 46258 | E18: =IF(COUNTIFS(Dagslogg[Dato],D18,Dagslogg[Minus],"<>")=0,"",SUMIFS(Dagslogg[Minus],Dagslogg[Dato],D18)) | F18: =D18+1 -> 46259 | G18: =IF(COUNTIFS(Dagslogg[Dato],F18,Dagslogg[Minus],"<>")=0,"",SUMIFS(Dagslogg[Minus],Dagslogg[Dato],F18)) | H18: =F18+1 -> 46260 | I18: =IF(COUNTIFS(Dagslogg[Dato],H18,Dagslogg[Minus],"<>")=0,"",SUMIFS(Dagslogg[Minus],Dagslogg[Dato],H18)) | J18: =H18+1 -> 46261 | K18: =IF(COUNTIFS(Dagslogg[Dato],J18,Dagslogg[Minus],"<>")=0,"",SUMIFS(Dagslogg[Minus],Dagslogg[Dato],J18)) | L18: =J18+1 -> 46262 | M18: =IF(COUNTIFS(Dagslogg[Dato],L18,Dagslogg[Minus],"<>")=0,"",SUMIFS(Dagslogg[Minus],Dagslogg[Dato],L18)) | N18: =L18+1 -> 46263 | O18: =IF(COUNTIFS(Dagslogg[Dato],N18,Dagslogg[Minus],"<>")=0,"",SUMIFS(Dagslogg[Minus],Dagslogg[Dato],N18)) | P18: =N18+1 -> 46264 | Q18: =IF(COUNTIFS(Dagslogg[Dato],P18,Dagslogg[Minus],"<>")=0,"",SUMIFS(Dagslogg[Minus],Dagslogg[Dato],P18)) | R18: =IF(COUNT(E18,G18,I18,K18,M18,O18,Q18)=0,"",SUM(E18,G18,I18,K18,M18,O18,Q18)) | S18: =IF(R18="","",T18*COUNT(E18,G18,I18,K18,M18,O18,Q18)) | T18: 1000 | U18: =IF(R18="","",R18/$E$7) | V18: =IF(R18="","",$E$5-SUM($U$14:U18)) | W18: =IFERROR(AVERAGEIFS(Dagslogg[Vekt],Dagslogg[Dato],">="&D18,Dagslogg[Dato],"<="&D18+6),"") | X18: =IF(OR(W18="",V18=""),"",W18-V18) | Y18: =IFERROR(AVERAGEIFS(Dagslogg[Vidde],Dagslogg[Dato],">="&D18,Dagslogg[Dato],"<="&D18+6),"")
B19: SEPTEMBER | C19: =C18+1 -> 36 | D19: =D18+7 -> 46265 | E19: =IF(COUNTIFS(Dagslogg[Dato],D19,Dagslogg[Minus],"<>")=0,"",SUMIFS(Dagslogg[Minus],Dagslogg[Dato],D19)) | F19: =D19+1 -> 46266 | G19: =IF(COUNTIFS(Dagslogg[Dato],F19,Dagslogg[Minus],"<>")=0,"",SUMIFS(Dagslogg[Minus],Dagslogg[Dato],F19)) | H19: =F19+1 -> 46267 | I19: =IF(COUNTIFS(Dagslogg[Dato],H19,Dagslogg[Minus],"<>")=0,"",SUMIFS(Dagslogg[Minus],Dagslogg[Dato],H19)) | J19: =H19+1 -> 46268 | K19: =IF(COUNTIFS(Dagslogg[Dato],J19,Dagslogg[Minus],"<>")=0,"",SUMIFS(Dagslogg[Minus],Dagslogg[Dato],J19)) | L19: =J19+1 -> 46269 | M19: =IF(COUNTIFS(Dagslogg[Dato],L19,Dagslogg[Minus],"<>")=0,"",SUMIFS(Dagslogg[Minus],Dagslogg[Dato],L19)) | N19: =L19+1 -> 46270 | O19: =IF(COUNTIFS(Dagslogg[Dato],N19,Dagslogg[Minus],"<>")=0,"",SUMIFS(Dagslogg[Minus],Dagslogg[Dato],N19)) | P19: =N19+1 -> 46271 | Q19: =IF(COUNTIFS(Dagslogg[Dato],P19,Dagslogg[Minus],"<>")=0,"",SUMIFS(Dagslogg[Minus],Dagslogg[Dato],P19)) | R19: =IF(COUNT(E19,G19,I19,K19,M19,O19,Q19)=0,"",SUM(E19,G19,I19,K19,M19,O19,Q19)) | S19: =IF(R19="","",T19*COUNT(E19,G19,I19,K19,M19,O19,Q19)) | T19: 900 | U19: =IF(R19="","",R19/$E$7) | V19: =IF(R19="","",$E$5-SUM($U$14:U19)) | W19: =IFERROR(AVERAGEIFS(Dagslogg[Vekt],Dagslogg[Dato],">="&D19,Dagslogg[Dato],"<="&D19+6),"") | X19: =IF(OR(W19="",V19=""),"",W19-V19) | Y19: =IFERROR(AVERAGEIFS(Dagslogg[Vidde],Dagslogg[Dato],">="&D19,Dagslogg[Dato],"<="&D19+6),"")
C20: =C19+1 -> 37 | D20: =D19+7 -> 46272 | E20: =IF(COUNTIFS(Dagslogg[Dato],D20,Dagslogg[Minus],"<>")=0,"",SUMIFS(Dagslogg[Minus],Dagslogg[Dato],D20)) | F20: =D20+1 -> 46273 | G20: =IF(COUNTIFS(Dagslogg[Dato],F20,Dagslogg[Minus],"<>")=0,"",SUMIFS(Dagslogg[Minus],Dagslogg[Dato],F20)) | H20: =F20+1 -> 46274 | I20: =IF(COUNTIFS(Dagslogg[Dato],H20,Dagslogg[Minus],"<>")=0,"",SUMIFS(Dagslogg[Minus],Dagslogg[Dato],H20)) | J20: =H20+1 -> 46275 | K20: =IF(COUNTIFS(Dagslogg[Dato],J20,Dagslogg[Minus],"<>")=0,"",SUMIFS(Dagslogg[Minus],Dagslogg[Dato],J20)) | L20: =J20+1 -> 46276 | M20: =IF(COUNTIFS(Dagslogg[Dato],L20,Dagslogg[Minus],"<>")=0,"",SUMIFS(Dagslogg[Minus],Dagslogg[Dato],L20)) | N20: =L20+1 -> 46277 | O20: =IF(COUNTIFS(Dagslogg[Dato],N20,Dagslogg[Minus],"<>")=0,"",SUMIFS(Dagslogg[Minus],Dagslogg[Dato],N20)) | P20: =N20+1 -> 46278 | Q20: =IF(COUNTIFS(Dagslogg[Dato],P20,Dagslogg[Minus],"<>")=0,"",SUMIFS(Dagslogg[Minus],Dagslogg[Dato],P20)) | R20: =IF(COUNT(E20,G20,I20,K20,M20,O20,Q20)=0,"",SUM(E20,G20,I20,K20,M20,O20,Q20)) | S20: =IF(R20="","",T20*COUNT(E20,G20,I20,K20,M20,O20,Q20)) | T20: 900 | U20: =IF(R20="","",R20/$E$7) | V20: =IF(R20="","",$E$5-SUM($U$14:U20)) | W20: =IFERROR(AVERAGEIFS(Dagslogg[Vekt],Dagslogg[Dato],">="&D20,Dagslogg[Dato],"<="&D20+6),"") | X20: =IF(OR(W20="",V20=""),"",W20-V20) | Y20: =IFERROR(AVERAGEIFS(Dagslogg[Vidde],Dagslogg[Dato],">="&D20,Dagslogg[Dato],"<="&D20+6),"")
C21: =C20+1 -> 38 | D21: =D20+7 -> 46279 | E21: =IF(COUNTIFS(Dagslogg[Dato],D21,Dagslogg[Minus],"<>")=0,"",SUMIFS(Dagslogg[Minus],Dagslogg[Dato],D21)) | F21: =D21+1 -> 46280 | G21: =IF(COUNTIFS(Dagslogg[Dato],F21,Dagslogg[Minus],"<>")=0,"",SUMIFS(Dagslogg[Minus],Dagslogg[Dato],F21)) | H21: =F21+1 -> 46281 | I21: =IF(COUNTIFS(Dagslogg[Dato],H21,Dagslogg[Minus],"<>")=0,"",SUMIFS(Dagslogg[Minus],Dagslogg[Dato],H21)) | J21: =H21+1 -> 46282 | K21: =IF(COUNTIFS(Dagslogg[Dato],J21,Dagslogg[Minus],"<>")=0,"",SUMIFS(Dagslogg[Minus],Dagslogg[Dato],J21)) | L21: =J21+1 -> 46283 | M21: =IF(COUNTIFS(Dagslogg[Dato],L21,Dagslogg[Minus],"<>")=0,"",SUMIFS(Dagslogg[Minus],Dagslogg[Dato],L21)) | N21: =L21+1 -> 46284 | O21: =IF(COUNTIFS(Dagslogg[Dato],N21,Dagslogg[Minus],"<>")=0,"",SUMIFS(Dagslogg[Minus],Dagslogg[Dato],N21)) | P21: =N21+1 -> 46285 | Q21: =IF(COUNTIFS(Dagslogg[Dato],P21,Dagslogg[Minus],"<>")=0,"",SUMIFS(Dagslogg[Minus],Dagslogg[Dato],P21)) | R21: =IF(COUNT(E21,G21,I21,K21,M21,O21,Q21)=0,"",SUM(E21,G21,I21,K21,M21,O21,Q21)) | S21: =IF(R21="","",T21*COUNT(E21,G21,I21,K21,M21,O21,Q21)) | T21: 900 | U21: =IF(R21="","",R21/$E$7) | V21: =IF(R21="","",$E$5-SUM($U$14:U21)) | W21: =IFERROR(AVERAGEIFS(Dagslogg[Vekt],Dagslogg[Dato],">="&D21,Dagslogg[Dato],"<="&D21+6),"") | X21: =IF(OR(W21="",V21=""),"",W21-V21) | Y21: =IFERROR(AVERAGEIFS(Dagslogg[Vidde],Dagslogg[Dato],">="&D21,Dagslogg[Dato],"<="&D21+6),"")
C22: =C21+1 -> 39 | D22: =D21+7 -> 46286 | E22: =IF(COUNTIFS(Dagslogg[Dato],D22,Dagslogg[Minus],"<>")=0,"",SUMIFS(Dagslogg[Minus],Dagslogg[Dato],D22)) | F22: =D22+1 -> 46287 | G22: =IF(COUNTIFS(Dagslogg[Dato],F22,Dagslogg[Minus],"<>")=0,"",SUMIFS(Dagslogg[Minus],Dagslogg[Dato],F22)) | H22: =F22+1 -> 46288 | I22: =IF(COUNTIFS(Dagslogg[Dato],H22,Dagslogg[Minus],"<>")=0,"",SUMIFS(Dagslogg[Minus],Dagslogg[Dato],H22)) | J22: =H22+1 -> 46289 | K22: =IF(COUNTIFS(Dagslogg[Dato],J22,Dagslogg[Minus],"<>")=0,"",SUMIFS(Dagslogg[Minus],Dagslogg[Dato],J22)) | L22: =J22+1 -> 46290 | M22: =IF(COUNTIFS(Dagslogg[Dato],L22,Dagslogg[Minus],"<>")=0,"",SUMIFS(Dagslogg[Minus],Dagslogg[Dato],L22)) | N22: =L22+1 -> 46291 | O22: =IF(COUNTIFS(Dagslogg[Dato],N22,Dagslogg[Minus],"<>")=0,"",SUMIFS(Dagslogg[Minus],Dagslogg[Dato],N22)) | P22: =N22+1 -> 46292 | Q22: =IF(COUNTIFS(Dagslogg[Dato],P22,Dagslogg[Minus],"<>")=0,"",SUMIFS(Dagslogg[Minus],Dagslogg[Dato],P22)) | R22: =IF(COUNT(E22,G22,I22,K22,M22,O22,Q22)=0,"",SUM(E22,G22,I22,K22,M22,O22,Q22)) | S22: =IF(R22="","",T22*COUNT(E22,G22,I22,K22,M22,O22,Q22)) | T22: 900 | U22: =IF(R22="","",R22/$E$7) | V22: =IF(R22="","",$E$5-SUM($U$14:U22)) | W22: =IFERROR(AVERAGEIFS(Dagslogg[Vekt],Dagslogg[Dato],">="&D22,Dagslogg[Dato],"<="&D22+6),"") | X22: =IF(OR(W22="",V22=""),"",W22-V22) | Y22: =IFERROR(AVERAGEIFS(Dagslogg[Vidde],Dagslogg[Dato],">="&D22,Dagslogg[Dato],"<="&D22+6),"")
B23: OKTOBER | C23: =C22+1 -> 40 | D23: =D22+7 -> 46293 | E23: =IF(COUNTIFS(Dagslogg[Dato],D23,Dagslogg[Minus],"<>")=0,"",SUMIFS(Dagslogg[Minus],Dagslogg[Dato],D23)) | F23: =D23+1 -> 46294 | G23: =IF(COUNTIFS(Dagslogg[Dato],F23,Dagslogg[Minus],"<>")=0,"",SUMIFS(Dagslogg[Minus],Dagslogg[Dato],F23)) | H23: =F23+1 -> 46295 | I23: =IF(COUNTIFS(Dagslogg[Dato],H23,Dagslogg[Minus],"<>")=0,"",SUMIFS(Dagslogg[Minus],Dagslogg[Dato],H23)) | J23: =H23+1 -> 46296 | K23: =IF(COUNTIFS(Dagslogg[Dato],J23,Dagslogg[Minus],"<>")=0,"",SUMIFS(Dagslogg[Minus],Dagslogg[Dato],J23)) | L23: =J23+1 -> 46297 | M23: =IF(COUNTIFS(Dagslogg[Dato],L23,Dagslogg[Minus],"<>")=0,"",SUMIFS(Dagslogg[Minus],Dagslogg[Dato],L23)) | N23: =L23+1 -> 46298 | O23: =IF(COUNTIFS(Dagslogg[Dato],N23,Dagslogg[Minus],"<>")=0,"",SUMIFS(Dagslogg[Minus],Dagslogg[Dato],N23)) | P23: =N23+1 -> 46299 | Q23: =IF(COUNTIFS(Dagslogg[Dato],P23,Dagslogg[Minus],"<>")=0,"",SUMIFS(Dagslogg[Minus],Dagslogg[Dato],P23)) | R23: =IF(COUNT(E23,G23,I23,K23,M23,O23,Q23)=0,"",SUM(E23,G23,I23,K23,M23,O23,Q23)) | S23: =IF(R23="","",T23*COUNT(E23,G23,I23,K23,M23,O23,Q23)) | T23: 800 | U23: =IF(R23="","",R23/$E$7) | V23: =IF(R23="","",$E$5-SUM($U$14:U23)) | W23: =IFERROR(AVERAGEIFS(Dagslogg[Vekt],Dagslogg[Dato],">="&D23,Dagslogg[Dato],"<="&D23+6),"") | X23: =IF(OR(W23="",V23=""),"",W23-V23) | Y23: =IFERROR(AVERAGEIFS(Dagslogg[Vidde],Dagslogg[Dato],">="&D23,Dagslogg[Dato],"<="&D23+6),"")
C24: =C23+1 -> 41 | D24: =D23+7 -> 46300 | E24: =IF(COUNTIFS(Dagslogg[Dato],D24,Dagslogg[Minus],"<>")=0,"",SUMIFS(Dagslogg[Minus],Dagslogg[Dato],D24)) | F24: =D24+1 -> 46301 | G24: =IF(COUNTIFS(Dagslogg[Dato],F24,Dagslogg[Minus],"<>")=0,"",SUMIFS(Dagslogg[Minus],Dagslogg[Dato],F24)) | H24: =F24+1 -> 46302 | I24: =IF(COUNTIFS(Dagslogg[Dato],H24,Dagslogg[Minus],"<>")=0,"",SUMIFS(Dagslogg[Minus],Dagslogg[Dato],H24)) | J24: =H24+1 -> 46303 | K24: =IF(COUNTIFS(Dagslogg[Dato],J24,Dagslogg[Minus],"<>")=0,"",SUMIFS(Dagslogg[Minus],Dagslogg[Dato],J24)) | L24: =J24+1 -> 46304 | M24: =IF(COUNTIFS(Dagslogg[Dato],L24,Dagslogg[Minus],"<>")=0,"",SUMIFS(Dagslogg[Minus],Dagslogg[Dato],L24)) | N24: =L24+1 -> 46305 | O24: =IF(COUNTIFS(Dagslogg[Dato],N24,Dagslogg[Minus],"<>")=0,"",SUMIFS(Dagslogg[Minus],Dagslogg[Dato],N24)) | P24: =N24+1 -> 46306 | Q24: =IF(COUNTIFS(Dagslogg[Dato],P24,Dagslogg[Minus],"<>")=0,"",SUMIFS(Dagslogg[Minus],Dagslogg[Dato],P24)) | R24: =IF(COUNT(E24,G24,I24,K24,M24,O24,Q24)=0,"",SUM(E24,G24,I24,K24,M24,O24,Q24)) | S24: =IF(R24="","",T24*COUNT(E24,G24,I24,K24,M24,O24,Q24)) | T24: 800 | U24: =IF(R24="","",R24/$E$7) | V24: =IF(R24="","",$E$5-SUM($U$14:U24)) | W24: =IFERROR(AVERAGEIFS(Dagslogg[Vekt],Dagslogg[Dato],">="&D24,Dagslogg[Dato],"<="&D24+6),"") | X24: =IF(OR(W24="",V24=""),"",W24-V24) | Y24: =IFERROR(AVERAGEIFS(Dagslogg[Vidde],Dagslogg[Dato],">="&D24,Dagslogg[Dato],"<="&D24+6),"")
C25: =C24+1 -> 42 | D25: =D24+7 -> 46307 | E25: =IF(COUNTIFS(Dagslogg[Dato],D25,Dagslogg[Minus],"<>")=0,"",SUMIFS(Dagslogg[Minus],Dagslogg[Dato],D25)) | F25: =D25+1 -> 46308 | G25: =IF(COUNTIFS(Dagslogg[Dato],F25,Dagslogg[Minus],"<>")=0,"",SUMIFS(Dagslogg[Minus],Dagslogg[Dato],F25)) | H25: =F25+1 -> 46309 | I25: =IF(COUNTIFS(Dagslogg[Dato],H25,Dagslogg[Minus],"<>")=0,"",SUMIFS(Dagslogg[Minus],Dagslogg[Dato],H25)) | J25: =H25+1 -> 46310 | K25: =IF(COUNTIFS(Dagslogg[Dato],J25,Dagslogg[Minus],"<>")=0,"",SUMIFS(Dagslogg[Minus],Dagslogg[Dato],J25)) | L25: =J25+1 -> 46311 | M25: =IF(COUNTIFS(Dagslogg[Dato],L25,Dagslogg[Minus],"<>")=0,"",SUMIFS(Dagslogg[Minus],Dagslogg[Dato],L25)) | N25: =L25+1 -> 46312 | O25: =IF(COUNTIFS(Dagslogg[Dato],N25,Dagslogg[Minus],"<>")=0,"",SUMIFS(Dagslogg[Minus],Dagslogg[Dato],N25)) | P25: =N25+1 -> 46313 | Q25: =IF(COUNTIFS(Dagslogg[Dato],P25,Dagslogg[Minus],"<>")=0,"",SUMIFS(Dagslogg[Minus],Dagslogg[Dato],P25)) | R25: =IF(COUNT(E25,G25,I25,K25,M25,O25,Q25)=0,"",SUM(E25,G25,I25,K25,M25,O25,Q25)) | S25: =IF(R25="","",T25*COUNT(E25,G25,I25,K25,M25,O25,Q25)) | T25: 800 | U25: =IF(R25="","",R25/$E$7) | V25: =IF(R25="","",$E$5-SUM($U$14:U25)) | W25: =IFERROR(AVERAGEIFS(Dagslogg[Vekt],Dagslogg[Dato],">="&D25,Dagslogg[Dato],"<="&D25+6),"") | X25: =IF(OR(W25="",V25=""),"",W25-V25) | Y25: =IFERROR(AVERAGEIFS(Dagslogg[Vidde],Dagslogg[Dato],">="&D25,Dagslogg[Dato],"<="&D25+6),"") | Z25: GRAFDATA (automatisk – ikke rediger)
C26: =C25+1 -> 43 | D26: =D25+7 -> 46314 | E26: =IF(COUNTIFS(Dagslogg[Dato],D26,Dagslogg[Minus],"<>")=0,"",SUMIFS(Dagslogg[Minus],Dagslogg[Dato],D26)) | F26: =D26+1 -> 46315 | G26: =IF(COUNTIFS(Dagslogg[Dato],F26,Dagslogg[Minus],"<>")=0,"",SUMIFS(Dagslogg[Minus],Dagslogg[Dato],F26)) | H26: =F26+1 -> 46316 | I26: =IF(COUNTIFS(Dagslogg[Dato],H26,Dagslogg[Minus],"<>")=0,"",SUMIFS(Dagslogg[Minus],Dagslogg[Dato],H26)) | J26: =H26+1 -> 46317 | K26: =IF(COUNTIFS(Dagslogg[Dato],J26,Dagslogg[Minus],"<>")=0,"",SUMIFS(Dagslogg[Minus],Dagslogg[Dato],J26)) | L26: =J26+1 -> 46318 | M26: =IF(COUNTIFS(Dagslogg[Dato],L26,Dagslogg[Minus],"<>")=0,"",SUMIFS(Dagslogg[Minus],Dagslogg[Dato],L26)) | N26: =L26+1 -> 46319 | O26: =IF(COUNTIFS(Dagslogg[Dato],N26,Dagslogg[Minus],"<>")=0,"",SUMIFS(Dagslogg[Minus],Dagslogg[Dato],N26)) | P26: =N26+1 -> 46320 | Q26: =IF(COUNTIFS(Dagslogg[Dato],P26,Dagslogg[Minus],"<>")=0,"",SUMIFS(Dagslogg[Minus],Dagslogg[Dato],P26)) | R26: =IF(COUNT(E26,G26,I26,K26,M26,O26,Q26)=0,"",SUM(E26,G26,I26,K26,M26,O26,Q26)) | S26: =IF(R26="","",T26*COUNT(E26,G26,I26,K26,M26,O26,Q26)) | T26: 800 | U26: =IF(R26="","",R26/$E$7) | V26: =IF(R26="","",$E$5-SUM($U$14:U26)) | W26: =IFERROR(AVERAGEIFS(Dagslogg[Vekt],Dagslogg[Dato],">="&D26,Dagslogg[Dato],"<="&D26+6),"") | X26: =IF(OR(W26="",V26=""),"",W26-V26) | Y26: =IFERROR(AVERAGEIFS(Dagslogg[Vidde],Dagslogg[Dato],">="&D26,Dagslogg[Dato],"<="&D26+6),"") | Z26: UKE | AA26: EST. VEKT | AB26: SNITTVEKT
C27: =C26+1 -> 44 | D27: =D26+7 -> 46321 | E27: =IF(COUNTIFS(Dagslogg[Dato],D27,Dagslogg[Minus],"<>")=0,"",SUMIFS(Dagslogg[Minus],Dagslogg[Dato],D27)) | F27: =D27+1 -> 46322 | G27: =IF(COUNTIFS(Dagslogg[Dato],F27,Dagslogg[Minus],"<>")=0,"",SUMIFS(Dagslogg[Minus],Dagslogg[Dato],F27)) | H27: =F27+1 -> 46323 | I27: =IF(COUNTIFS(Dagslogg[Dato],H27,Dagslogg[Minus],"<>")=0,"",SUMIFS(Dagslogg[Minus],Dagslogg[Dato],H27)) | J27: =H27+1 -> 46324 | K27: =IF(COUNTIFS(Dagslogg[Dato],J27,Dagslogg[Minus],"<>")=0,"",SUMIFS(Dagslogg[Minus],Dagslogg[Dato],J27)) | L27: =J27+1 -> 46325 | M27: =IF(COUNTIFS(Dagslogg[Dato],L27,Dagslogg[Minus],"<>")=0,"",SUMIFS(Dagslogg[Minus],Dagslogg[Dato],L27)) | N27: =L27+1 -> 46326 | O27: =IF(COUNTIFS(Dagslogg[Dato],N27,Dagslogg[Minus],"<>")=0,"",SUMIFS(Dagslogg[Minus],Dagslogg[Dato],N27)) | P27: =N27+1 -> 46327 | Q27: =IF(COUNTIFS(Dagslogg[Dato],P27,Dagslogg[Minus],"<>")=0,"",SUMIFS(Dagslogg[Minus],Dagslogg[Dato],P27)) | R27: =IF(COUNT(E27,G27,I27,K27,M27,O27,Q27)=0,"",SUM(E27,G27,I27,K27,M27,O27,Q27)) | S27: =IF(R27="","",T27*COUNT(E27,G27,I27,K27,M27,O27,Q27)) | T27: 700 | U27: =IF(R27="","",R27/$E$7) | V27: =IF(R27="","",$E$5-SUM($U$14:U27)) | W27: =IFERROR(AVERAGEIFS(Dagslogg[Vekt],Dagslogg[Dato],">="&D27,Dagslogg[Dato],"<="&D27+6),"") | X27: =IF(OR(W27="",V27=""),"",W27-V27) | Y27: =IFERROR(AVERAGEIFS(Dagslogg[Vidde],Dagslogg[Dato],">="&D27,Dagslogg[Dato],"<="&D27+6),"") | Z27: =C14 -> 31 | AA27: =IF(R14="",NA(),V14) -> 77.17 | AB27: =IF(W14="",NA(),W14) -> 77.5
B28: NOVEMBER | C28: =C27+1 -> 45 | D28: =D27+7 -> 46328 | E28: =IF(COUNTIFS(Dagslogg[Dato],D28,Dagslogg[Minus],"<>")=0,"",SUMIFS(Dagslogg[Minus],Dagslogg[Dato],D28)) | F28: =D28+1 -> 46329 | G28: =IF(COUNTIFS(Dagslogg[Dato],F28,Dagslogg[Minus],"<>")=0,"",SUMIFS(Dagslogg[Minus],Dagslogg[Dato],F28)) | H28: =F28+1 -> 46330 | I28: =IF(COUNTIFS(Dagslogg[Dato],H28,Dagslogg[Minus],"<>")=0,"",SUMIFS(Dagslogg[Minus],Dagslogg[Dato],H28)) | J28: =H28+1 -> 46331 | K28: =IF(COUNTIFS(Dagslogg[Dato],J28,Dagslogg[Minus],"<>")=0,"",SUMIFS(Dagslogg[Minus],Dagslogg[Dato],J28)) | L28: =J28+1 -> 46332 | M28: =IF(COUNTIFS(Dagslogg[Dato],L28,Dagslogg[Minus],"<>")=0,"",SUMIFS(Dagslogg[Minus],Dagslogg[Dato],L28)) | N28: =L28+1 -> 46333 | O28: =IF(COUNTIFS(Dagslogg[Dato],N28,Dagslogg[Minus],"<>")=0,"",SUMIFS(Dagslogg[Minus],Dagslogg[Dato],N28)) | P28: =N28+1 -> 46334 | Q28: =IF(COUNTIFS(Dagslogg[Dato],P28,Dagslogg[Minus],"<>")=0,"",SUMIFS(Dagslogg[Minus],Dagslogg[Dato],P28)) | R28: =IF(COUNT(E28,G28,I28,K28,M28,O28,Q28)=0,"",SUM(E28,G28,I28,K28,M28,O28,Q28)) | S28: =IF(R28="","",T28*COUNT(E28,G28,I28,K28,M28,O28,Q28)) | T28: 700 | U28: =IF(R28="","",R28/$E$7) | V28: =IF(R28="","",$E$5-SUM($U$14:U28)) | W28: =IFERROR(AVERAGEIFS(Dagslogg[Vekt],Dagslogg[Dato],">="&D28,Dagslogg[Dato],"<="&D28+6),"") | X28: =IF(OR(W28="",V28=""),"",W28-V28) | Y28: =IFERROR(AVERAGEIFS(Dagslogg[Vidde],Dagslogg[Dato],">="&D28,Dagslogg[Dato],"<="&D28+6),"") | Z28: =C15 -> 32 | AA28: =IF(R15="",NA(),V15) -> #N/A | AB28: =IF(W15="",NA(),W15) -> #N/A
C29: =C28+1 -> 46 | D29: =D28+7 -> 46335 | E29: =IF(COUNTIFS(Dagslogg[Dato],D29,Dagslogg[Minus],"<>")=0,"",SUMIFS(Dagslogg[Minus],Dagslogg[Dato],D29)) | F29: =D29+1 -> 46336 | G29: =IF(COUNTIFS(Dagslogg[Dato],F29,Dagslogg[Minus],"<>")=0,"",SUMIFS(Dagslogg[Minus],Dagslogg[Dato],F29)) | H29: =F29+1 -> 46337 | I29: =IF(COUNTIFS(Dagslogg[Dato],H29,Dagslogg[Minus],"<>")=0,"",SUMIFS(Dagslogg[Minus],Dagslogg[Dato],H29)) | J29: =H29+1 -> 46338 | K29: =IF(COUNTIFS(Dagslogg[Dato],J29,Dagslogg[Minus],"<>")=0,"",SUMIFS(Dagslogg[Minus],Dagslogg[Dato],J29)) | L29: =J29+1 -> 46339 | M29: =IF(COUNTIFS(Dagslogg[Dato],L29,Dagslogg[Minus],"<>")=0,"",SUMIFS(Dagslogg[Minus],Dagslogg[Dato],L29)) | N29: =L29+1 -> 46340 | O29: =IF(COUNTIFS(Dagslogg[Dato],N29,Dagslogg[Minus],"<>")=0,"",SUMIFS(Dagslogg[Minus],Dagslogg[Dato],N29)) | P29: =N29+1 -> 46341 | Q29: =IF(COUNTIFS(Dagslogg[Dato],P29,Dagslogg[Minus],"<>")=0,"",SUMIFS(Dagslogg[Minus],Dagslogg[Dato],P29)) | R29: =IF(COUNT(E29,G29,I29,K29,M29,O29,Q29)=0,"",SUM(E29,G29,I29,K29,M29,O29,Q29)) | S29: =IF(R29="","",T29*COUNT(E29,G29,I29,K29,M29,O29,Q29)) | T29: 700 | U29: =IF(R29="","",R29/$E$7) | V29: =IF(R29="","",$E$5-SUM($U$14:U29)) | W29: =IFERROR(AVERAGEIFS(Dagslogg[Vekt],Dagslogg[Dato],">="&D29,Dagslogg[Dato],"<="&D29+6),"") | X29: =IF(OR(W29="",V29=""),"",W29-V29) | Y29: =IFERROR(AVERAGEIFS(Dagslogg[Vidde],Dagslogg[Dato],">="&D29,Dagslogg[Dato],"<="&D29+6),"") | Z29: =C16 -> 33 | AA29: =IF(R16="",NA(),V16) -> #N/A | AB29: =IF(W16="",NA(),W16) -> #N/A
C30: =C29+1 -> 47 | D30: =D29+7 -> 46342 | E30: =IF(COUNTIFS(Dagslogg[Dato],D30,Dagslogg[Minus],"<>")=0,"",SUMIFS(Dagslogg[Minus],Dagslogg[Dato],D30)) | F30: =D30+1 -> 46343 | G30: =IF(COUNTIFS(Dagslogg[Dato],F30,Dagslogg[Minus],"<>")=0,"",SUMIFS(Dagslogg[Minus],Dagslogg[Dato],F30)) | H30: =F30+1 -> 46344 | I30: =IF(COUNTIFS(Dagslogg[Dato],H30,Dagslogg[Minus],"<>")=0,"",SUMIFS(Dagslogg[Minus],Dagslogg[Dato],H30)) | J30: =H30+1 -> 46345 | K30: =IF(COUNTIFS(Dagslogg[Dato],J30,Dagslogg[Minus],"<>")=0,"",SUMIFS(Dagslogg[Minus],Dagslogg[Dato],J30)) | L30: =J30+1 -> 46346 | M30: =IF(COUNTIFS(Dagslogg[Dato],L30,Dagslogg[Minus],"<>")=0,"",SUMIFS(Dagslogg[Minus],Dagslogg[Dato],L30)) | N30: =L30+1 -> 46347 | O30: =IF(COUNTIFS(Dagslogg[Dato],N30,Dagslogg[Minus],"<>")=0,"",SUMIFS(Dagslogg[Minus],Dagslogg[Dato],N30)) | P30: =N30+1 -> 46348 | Q30: =IF(COUNTIFS(Dagslogg[Dato],P30,Dagslogg[Minus],"<>")=0,"",SUMIFS(Dagslogg[Minus],Dagslogg[Dato],P30)) | R30: =IF(COUNT(E30,G30,I30,K30,M30,O30,Q30)=0,"",SUM(E30,G30,I30,K30,M30,O30,Q30)) | S30: =IF(R30="","",T30*COUNT(E30,G30,I30,K30,M30,O30,Q30)) | T30: 700 | U30: =IF(R30="","",R30/$E$7) | V30: =IF(R30="","",$E$5-SUM($U$14:U30)) | W30: =IFERROR(AVERAGEIFS(Dagslogg[Vekt],Dagslogg[Dato],">="&D30,Dagslogg[Dato],"<="&D30+6),"") | X30: =IF(OR(W30="",V30=""),"",W30-V30) | Y30: =IFERROR(AVERAGEIFS(Dagslogg[Vidde],Dagslogg[Dato],">="&D30,Dagslogg[Dato],"<="&D30+6),"") | Z30: =C17 -> 34 | AA30: =IF(R17="",NA(),V17) -> #N/A | AB30: =IF(W17="",NA(),W17) -> #N/A
C31: =C30+1 -> 48 | D31: =D30+7 -> 46349 | E31: =IF(COUNTIFS(Dagslogg[Dato],D31,Dagslogg[Minus],"<>")=0,"",SUMIFS(Dagslogg[Minus],Dagslogg[Dato],D31)) | F31: =D31+1 -> 46350 | G31: =IF(COUNTIFS(Dagslogg[Dato],F31,Dagslogg[Minus],"<>")=0,"",SUMIFS(Dagslogg[Minus],Dagslogg[Dato],F31)) | H31: =F31+1 -> 46351 | I31: =IF(COUNTIFS(Dagslogg[Dato],H31,Dagslogg[Minus],"<>")=0,"",SUMIFS(Dagslogg[Minus],Dagslogg[Dato],H31)) | J31: =H31+1 -> 46352 | K31: =IF(COUNTIFS(Dagslogg[Dato],J31,Dagslogg[Minus],"<>")=0,"",SUMIFS(Dagslogg[Minus],Dagslogg[Dato],J31)) | L31: =J31+1 -> 46353 | M31: =IF(COUNTIFS(Dagslogg[Dato],L31,Dagslogg[Minus],"<>")=0,"",SUMIFS(Dagslogg[Minus],Dagslogg[Dato],L31)) | N31: =L31+1 -> 46354 | O31: =IF(COUNTIFS(Dagslogg[Dato],N31,Dagslogg[Minus],"<>")=0,"",SUMIFS(Dagslogg[Minus],Dagslogg[Dato],N31)) | P31: =N31+1 -> 46355 | Q31: =IF(COUNTIFS(Dagslogg[Dato],P31,Dagslogg[Minus],"<>")=0,"",SUMIFS(Dagslogg[Minus],Dagslogg[Dato],P31)) | R31: =IF(COUNT(E31,G31,I31,K31,M31,O31,Q31)=0,"",SUM(E31,G31,I31,K31,M31,O31,Q31)) | S31: =IF(R31="","",T31*COUNT(E31,G31,I31,K31,M31,O31,Q31)) | T31: 600 | U31: =IF(R31="","",R31/$E$7) | V31: =IF(R31="","",$E$5-SUM($U$14:U31)) | W31: =IFERROR(AVERAGEIFS(Dagslogg[Vekt],Dagslogg[Dato],">="&D31,Dagslogg[Dato],"<="&D31+6),"") | X31: =IF(OR(W31="",V31=""),"",W31-V31) | Y31: =IFERROR(AVERAGEIFS(Dagslogg[Vidde],Dagslogg[Dato],">="&D31,Dagslogg[Dato],"<="&D31+6),"") | Z31: =C18 -> 35 | AA31: =IF(R18="",NA(),V18) -> #N/A | AB31: =IF(W18="",NA(),W18) -> #N/A
B32: DESEMBER | C32: =C31+1 -> 49 | D32: =D31+7 -> 46356 | E32: =IF(COUNTIFS(Dagslogg[Dato],D32,Dagslogg[Minus],"<>")=0,"",SUMIFS(Dagslogg[Minus],Dagslogg[Dato],D32)) | F32: =D32+1 -> 46357 | G32: =IF(COUNTIFS(Dagslogg[Dato],F32,Dagslogg[Minus],"<>")=0,"",SUMIFS(Dagslogg[Minus],Dagslogg[Dato],F32)) | H32: =F32+1 -> 46358 | I32: =IF(COUNTIFS(Dagslogg[Dato],H32,Dagslogg[Minus],"<>")=0,"",SUMIFS(Dagslogg[Minus],Dagslogg[Dato],H32)) | J32: =H32+1 -> 46359 | K32: =IF(COUNTIFS(Dagslogg[Dato],J32,Dagslogg[Minus],"<>")=0,"",SUMIFS(Dagslogg[Minus],Dagslogg[Dato],J32)) | L32: =J32+1 -> 46360 | M32: =IF(COUNTIFS(Dagslogg[Dato],L32,Dagslogg[Minus],"<>")=0,"",SUMIFS(Dagslogg[Minus],Dagslogg[Dato],L32)) | N32: =L32+1 -> 46361 | O32: =IF(COUNTIFS(Dagslogg[Dato],N32,Dagslogg[Minus],"<>")=0,"",SUMIFS(Dagslogg[Minus],Dagslogg[Dato],N32)) | P32: =N32+1 -> 46362 | Q32: =IF(COUNTIFS(Dagslogg[Dato],P32,Dagslogg[Minus],"<>")=0,"",SUMIFS(Dagslogg[Minus],Dagslogg[Dato],P32)) | R32: =IF(COUNT(E32,G32,I32,K32,M32,O32,Q32)=0,"",SUM(E32,G32,I32,K32,M32,O32,Q32)) | S32: =IF(R32="","",T32*COUNT(E32,G32,I32,K32,M32,O32,Q32)) | T32: 600 | U32: =IF(R32="","",R32/$E$7) | V32: =IF(R32="","",$E$5-SUM($U$14:U32)) | W32: =IFERROR(AVERAGEIFS(Dagslogg[Vekt],Dagslogg[Dato],">="&D32,Dagslogg[Dato],"<="&D32+6),"") | X32: =IF(OR(W32="",V32=""),"",W32-V32) | Y32: =IFERROR(AVERAGEIFS(Dagslogg[Vidde],Dagslogg[Dato],">="&D32,Dagslogg[Dato],"<="&D32+6),"") | Z32: =C19 -> 36 | AA32: =IF(R19="",NA(),V19) -> #N/A | AB32: =IF(W19="",NA(),W19) -> #N/A
C33: =C32+1 -> 50 | D33: =D32+7 -> 46363 | E33: =IF(COUNTIFS(Dagslogg[Dato],D33,Dagslogg[Minus],"<>")=0,"",SUMIFS(Dagslogg[Minus],Dagslogg[Dato],D33)) | F33: =D33+1 -> 46364 | G33: =IF(COUNTIFS(Dagslogg[Dato],F33,Dagslogg[Minus],"<>")=0,"",SUMIFS(Dagslogg[Minus],Dagslogg[Dato],F33)) | H33: =F33+1 -> 46365 | I33: =IF(COUNTIFS(Dagslogg[Dato],H33,Dagslogg[Minus],"<>")=0,"",SUMIFS(Dagslogg[Minus],Dagslogg[Dato],H33)) | J33: =H33+1 -> 46366 | K33: =IF(COUNTIFS(Dagslogg[Dato],J33,Dagslogg[Minus],"<>")=0,"",SUMIFS(Dagslogg[Minus],Dagslogg[Dato],J33)) | L33: =J33+1 -> 46367 | M33: =IF(COUNTIFS(Dagslogg[Dato],L33,Dagslogg[Minus],"<>")=0,"",SUMIFS(Dagslogg[Minus],Dagslogg[Dato],L33)) | N33: =L33+1 -> 46368 | O33: =IF(COUNTIFS(Dagslogg[Dato],N33,Dagslogg[Minus],"<>")=0,"",SUMIFS(Dagslogg[Minus],Dagslogg[Dato],N33)) | P33: =N33+1 -> 46369 | Q33: =IF(COUNTIFS(Dagslogg[Dato],P33,Dagslogg[Minus],"<>")=0,"",SUMIFS(Dagslogg[Minus],Dagslogg[Dato],P33)) | R33: =IF(COUNT(E33,G33,I33,K33,M33,O33,Q33)=0,"",SUM(E33,G33,I33,K33,M33,O33,Q33)) | S33: =IF(R33="","",T33*COUNT(E33,G33,I33,K33,M33,O33,Q33)) | T33: 600 | U33: =IF(R33="","",R33/$E$7) | V33: =IF(R33="","",$E$5-SUM($U$14:U33)) | W33: =IFERROR(AVERAGEIFS(Dagslogg[Vekt],Dagslogg[Dato],">="&D33,Dagslogg[Dato],"<="&D33+6),"") | X33: =IF(OR(W33="",V33=""),"",W33-V33) | Y33: =IFERROR(AVERAGEIFS(Dagslogg[Vidde],Dagslogg[Dato],">="&D33,Dagslogg[Dato],"<="&D33+6),"") | Z33: =C20 -> 37 | AA33: =IF(R20="",NA(),V20) -> #N/A | AB33: =IF(W20="",NA(),W20) -> #N/A
C34: =C33+1 -> 51 | D34: =D33+7 -> 46370 | E34: =IF(COUNTIFS(Dagslogg[Dato],D34,Dagslogg[Minus],"<>")=0,"",SUMIFS(Dagslogg[Minus],Dagslogg[Dato],D34)) | F34: =D34+1 -> 46371 | G34: =IF(COUNTIFS(Dagslogg[Dato],F34,Dagslogg[Minus],"<>")=0,"",SUMIFS(Dagslogg[Minus],Dagslogg[Dato],F34)) | H34: =F34+1 -> 46372 | I34: =IF(COUNTIFS(Dagslogg[Dato],H34,Dagslogg[Minus],"<>")=0,"",SUMIFS(Dagslogg[Minus],Dagslogg[Dato],H34)) | J34: =H34+1 -> 46373 | K34: =IF(COUNTIFS(Dagslogg[Dato],J34,Dagslogg[Minus],"<>")=0,"",SUMIFS(Dagslogg[Minus],Dagslogg[Dato],J34)) | L34: =J34+1 -> 46374 | M34: =IF(COUNTIFS(Dagslogg[Dato],L34,Dagslogg[Minus],"<>")=0,"",SUMIFS(Dagslogg[Minus],Dagslogg[Dato],L34)) | N34: =L34+1 -> 46375 | O34: =IF(COUNTIFS(Dagslogg[Dato],N34,Dagslogg[Minus],"<>")=0,"",SUMIFS(Dagslogg[Minus],Dagslogg[Dato],N34)) | P34: =N34+1 -> 46376 | Q34: =IF(COUNTIFS(Dagslogg[Dato],P34,Dagslogg[Minus],"<>")=0,"",SUMIFS(Dagslogg[Minus],Dagslogg[Dato],P34)) | R34: =IF(COUNT(E34,G34,I34,K34,M34,O34,Q34)=0,"",SUM(E34,G34,I34,K34,M34,O34,Q34)) | S34: =IF(R34="","",T34*COUNT(E34,G34,I34,K34,M34,O34,Q34)) | T34: 600 | U34: =IF(R34="","",R34/$E$7) | V34: =IF(R34="","",$E$5-SUM($U$14:U34)) | W34: =IFERROR(AVERAGEIFS(Dagslogg[Vekt],Dagslogg[Dato],">="&D34,Dagslogg[Dato],"<="&D34+6),"") | X34: =IF(OR(W34="",V34=""),"",W34-V34) | Y34: =IFERROR(AVERAGEIFS(Dagslogg[Vidde],Dagslogg[Dato],">="&D34,Dagslogg[Dato],"<="&D34+6),"") | Z34: =C21 -> 38 | AA34: =IF(R21="",NA(),V21) -> #N/A | AB34: =IF(W21="",NA(),W21) -> #N/A
B35: TOTALT | R35: =SUM(R14:R34) -> 2100 | S35: =SUM(S14:S34) -> 2000 | U35: =SUM(U14:U34) -> 0.28 | Z35: =C22 -> 39 | AA35: =IF(R22="",NA(),V22) -> #N/A | AB35: =IF(W22="",NA(),W22) -> #N/A
Z36: =C23 -> 40 | AA36: =IF(R23="",NA(),V23) -> #N/A | AB36: =IF(W23="",NA(),W23) -> #N/A
Z37: =C24 -> 41 | AA37: =IF(R24="",NA(),V24) -> #N/A | AB37: =IF(W24="",NA(),W24) -> #N/A
Z38: =C25 -> 42 | AA38: =IF(R25="",NA(),V25) -> #N/A | AB38: =IF(W25="",NA(),W25) -> #N/A
Z39: =C26 -> 43 | AA39: =IF(R26="",NA(),V26) -> #N/A | AB39: =IF(W26="",NA(),W26) -> #N/A
Z40: =C27 -> 44 | AA40: =IF(R27="",NA(),V27) -> #N/A | AB40: =IF(W27="",NA(),W27) -> #N/A
Z41: =C28 -> 45 | AA41: =IF(R28="",NA(),V28) -> #N/A | AB41: =IF(W28="",NA(),W28) -> #N/A
Z42: =C29 -> 46 | AA42: =IF(R29="",NA(),V29) -> #N/A | AB42: =IF(W29="",NA(),W29) -> #N/A
Z43: =C30 -> 47 | AA43: =IF(R30="",NA(),V30) -> #N/A | AB43: =IF(W30="",NA(),W30) -> #N/A
Z44: =C31 -> 48 | AA44: =IF(R31="",NA(),V31) -> #N/A | AB44: =IF(W31="",NA(),W31) -> #N/A
Z45: =C32 -> 49 | AA45: =IF(R32="",NA(),V32) -> #N/A | AB45: =IF(W32="",NA(),W32) -> #N/A
Z46: =C33 -> 50 | AA46: =IF(R33="",NA(),V33) -> #N/A | AB46: =IF(W33="",NA(),W33) -> #N/A
Z47: =C34 -> 51 | AA47: =IF(R34="",NA(),V34) -> #N/A | AB47: =IF(W34="",NA(),W34) -> #N/A

Sheet Dagslogg
B1: DAGSLOGG — HØST 2026
B2: Én rad per dag. Fyll inn kaloriunderskudd, vekt og livvidde — Vekt-arket henter alt herfra.
A3: Dato | B3: Uke | C3: Ukedag | D3: Minus | E3: Vekt | F3: Vidde | G3: Kommentar
A4: =Vekt!$E$4+ROW()-4 -> 46230 | B4: =_xlfn.ISOWEEKNUM(Dagslogg[[#This Row],[Dato]]) -> 31 | C4: =TEXT(Dagslogg[[#This Row],[Dato]],"ddd") -> man
A5: =Vekt!$E$4+ROW()-4 -> 46231 | B5: =_xlfn.ISOWEEKNUM(Dagslogg[[#This Row],[Dato]]) -> 31 | C5: =TEXT(Dagslogg[[#This Row],[Dato]],"ddd") -> tir | D5: 1000 | E5: 77.5 | F5: 89
A6: =Vekt!$E$4+ROW()-4 -> 46232 | B6: =_xlfn.ISOWEEKNUM(Dagslogg[[#This Row],[Dato]]) -> 31 | C6: =TEXT(Dagslogg[[#This Row],[Dato]],"ddd") -> ons | D6: 1100 | E6: 77.5 | F6: 88.5
A7: =Vekt!$E$4+ROW()-4 -> 46233 | B7: =_xlfn.ISOWEEKNUM(Dagslogg[[#This Row],[Dato]]) -> 31 | C7: =TEXT(Dagslogg[[#This Row],[Dato]],"ddd") -> tor
A8: =Vekt!$E$4+ROW()-4 -> 46234 | B8: =_xlfn.ISOWEEKNUM(Dagslogg[[#This Row],[Dato]]) -> 31 | C8: =TEXT(Dagslogg[[#This Row],[Dato]],"ddd") -> fre
A9: =Vekt!$E$4+ROW()-4 -> 46235 | B9: =_xlfn.ISOWEEKNUM(Dagslogg[[#This Row],[Dato]]) -> 31 | C9: =TEXT(Dagslogg[[#This Row],[Dato]],"ddd") -> lør
A10: =Vekt!$E$4+ROW()-4 -> 46236 | B10: =_xlfn.ISOWEEKNUM(Dagslogg[[#This Row],[Dato]]) -> 31 | C10: =TEXT(Dagslogg[[#This Row],[Dato]],"ddd") -> søn
A11: =Vekt!$E$4+ROW()-4 -> 46237 | B11: =_xlfn.ISOWEEKNUM(Dagslogg[[#This Row],[Dato]]) -> 32 | C11: =TEXT(Dagslogg[[#This Row],[Dato]],"ddd") -> man
A12: =Vekt!$E$4+ROW()-4 -> 46238 | B12: =_xlfn.ISOWEEKNUM(Dagslogg[[#This Row],[Dato]]) -> 32 | C12: =TEXT(Dagslogg[[#This Row],[Dato]],"ddd") -> tir
A13: =Vekt!$E$4+ROW()-4 -> 46239 | B13: =_xlfn.ISOWEEKNUM(Dagslogg[[#This Row],[Dato]]) -> 32 | C13: =TEXT(Dagslogg[[#This Row],[Dato]],"ddd") -> ons
A14: =Vekt!$E$4+ROW()-4 -> 46240 | B14: =_xlfn.ISOWEEKNUM(Dagslogg[[#This Row],[Dato]]) -> 32 | C14: =TEXT(Dagslogg[[#This Row],[Dato]],"ddd") -> tor
A15: =Vekt!$E$4+ROW()-4 -> 46241 | B15: =_xlfn.ISOWEEKNUM(Dagslogg[[#This Row],[Dato]]) -> 32 | C15: =TEXT(Dagslogg[[#This Row],[Dato]],"ddd") -> fre
A16: =Vekt!$E$4+ROW()-4 -> 46242 | B16: =_xlfn.ISOWEEKNUM(Dagslogg[[#This Row],[Dato]]) -> 32 | C16: =TEXT(Dagslogg[[#This Row],[Dato]],"ddd") -> lør
A17: =Vekt!$E$4+ROW()-4 -> 46243 | B17: =_xlfn.ISOWEEKNUM(Dagslogg[[#This Row],[Dato]]) -> 32 | C17: =TEXT(Dagslogg[[#This Row],[Dato]],"ddd") -> søn
A18: =Vekt!$E$4+ROW()-4 -> 46244 | B18: =_xlfn.ISOWEEKNUM(Dagslogg[[#This Row],[Dato]]) -> 33 | C18: =TEXT(Dagslogg[[#This Row],[Dato]],"ddd") -> man
... A150: =Vekt!$E$4+ROW()-4 -> 46376 | B150: =_xlfn.ISOWEEKNUM(Dagslogg[[#This Row],[Dato]]) -> 51 | C150: =TEXT(Dagslogg[[#This Row],[Dato]],"ddd") -> søn

Sheet Treningslogg
B1: TRENINGSLOGG — HØST 2026
B2: Én rad per økt. Styrke: skriv bare «Økt A/B/C» — detaljene ligger på Styrketrening-arket.
A3: Dato | B3: Type | C3: Beskrivelse | D3: Varighet (min) | E3: Distanse (km) | F3: Intensitet | G3: Kommentar
A4: 46230 | B4: Styrketrening | C4: DEMO – Økt A
A5: 46230 | B5: Løping | C5: DEMO – intervaller
A6: 46231 | B6: Løping | C6: DEMO – rolig
A7: 46232 | B7: Styrketrening | C7: DEMO – Økt B
A8: 46232 | B8: Sykling | C8: DEMO – pendling
A9: 46233 | B9: Sykling | C9: DEMO – smartsykkel
A10: 46233 | B10: Svømming | C10: DEMO – 1000 m
A11: 46234 | B11: Styrketrening | C11: DEMO – Økt C
A12: 46235 | B12: Karate | C12: DEMO – med Hedvig
A13: 46235 | B13: Klatring | C13: DEMO – buldring
A14: 46236 | B14: Annet | C14: DEMO – mobilitet

Sheet Styrketrening
B1: STYRKETRENING — FULLKROPP 3×/UKE · MAKS STYRKE · SUPERSETT
B2: Fase 1 (uke 31–40). Fyll inn vekt og reps i de blå cellene — summene regnes automatisk.
B3: Antagonist-supersett: A1+A2, B1+B2, C1+C2 — hvil 3–4 min per løft (kjør det andre løftet i pausen). Økt ≈ 50 min, økt C ≈ 30 min.
B4: Kvalitet over volum: 3–5 reps på hovedløft, RIR 1–3 — aldri til utmattelse på baseløftene.
B5: Dobbel progresjon: klarer du øverste rep-tall i alle sett med god teknikk → +2,5 kg og start nederst i rep-området.
B6: Fase 1–3: øktene er muskelforsikring, ikke PR-jakt. Hold løftene mens vekten går ned — kutt heller et løp enn en styrkeøkt.
B7: Avslutning hver økt (5 min): A = dyp knebøy-hold + hoftebøyer-tøying · B = skulder-/thorakalmobilitet.
B8: 100 pushups kjøres som eget spor utenom gymøktene (grease the groove) — aldri samme dag som økt A. Fotnoter (6)(7)(8): se Kommentarer-fanen.
B10: UKE 31 · ØKT A — MANDAG
B11: Dato | C11: Knebøy (dyp) | E11: Pullups (7) | G11: Benkpress | I11: Rumensk markløft | K11: Sidehev (6) | M11: Hengende beinhev (6)(8) | O11: Sum (kg)
B12: 46230 | C12: mål 4×3–5 | E12: mål 4×3–6 | G12: mål 3×4–6 | I12: mål 3×5–6 | K12: mål 2×10–12 | M12: mål 2×8–12
C13: Vekt | D13: Reps | E13: Vekt | F13: Reps | G13: Vekt | H13: Reps | I13: Vekt | J13: Reps | K13: Vekt | L13: Reps | M13: Vekt | N13: Reps
B14: Oppvarming | C14: 20 | G14: 20 | O14: =C14*D14+E14*F14+G14*H14+I14*J14+K14*L14*0.25+M14*N14*0.25 -> 0
B15: Sett 1 | C15: 40 | E15: 77.5 | G15: 40 | I15: 50 | K15: 6 | M15: 55 | O15: =C15*D15+E15*F15+G15*H15+I15*J15+K15*L15*0.25+M15*N15*0.25 -> 0
B16: Sett 2 | C16: 40 | E16: 77.5 | G16: 40 | I16: 50 | K16: 6 | M16: 55 | O16: =C16*D16+E16*F16+G16*H16+I16*J16+K16*L16*0.25+M16*N16*0.25 -> 0
B17: Sett 3 | C17: 40 | E17: 77.5 | G17: 40 | I17: 50 | O17: =C17*D17+E17*F17+G17*H17+I17*J17+K17*L17*0.25+M17*N17*0.25 -> 0
B18: Sett 4 | C18: 40 | E18: 77.5 | O18: =C18*D18+E18*F18+G18*H18+I18*J18+K18*L18*0.25+M18*N18*0.25 -> 0
B19: Sum | C19: =SUMPRODUCT(C14:C18,D14:D18) -> 0 | E19: =SUMPRODUCT(E14:E18,F14:F18) -> 0 | G19: =SUMPRODUCT(G14:G18,H14:H18) -> 0 | I19: =SUMPRODUCT(I14:I18,J14:J18) -> 0 | K19: =SUMPRODUCT(K14:K18,L14:L18)*0.25 -> 0 | M19: =SUMPRODUCT(M14:M18,N14:N18)*0.25 -> 0 | O19: =SUM(O14:O18) -> 0
B20: Kommentar
B22: UKE 31 · ØKT B — ONSDAG
B23: Dato | C23: Markløft | E23: Skulderpress stående | G23: Stangroing | I23: Bulgarsk utfall | K23: Facepulls (6) | M23: Pallof-press (6)(8) | O23: Sum (kg)
B24: 46232 | C24: mål 4×3–4 | E24: mål 4×4–6 | G24: mål 3×5–6 | I24: mål 3×5–6 per bein | K24: mål 2×12–15 | M24: mål 2×10 per side
C25: Vekt | D25: Reps | E25: Vekt | F25: Reps | G25: Vekt | H25: Reps | I25: Vekt | J25: Reps | K25: Vekt | L25: Reps | M25: Vekt | N25: Reps
B26: Oppvarming | C26: 40 | E26: 16 | O26: =C26*D26+E26*F26+G26*H26+I26*J26+K26*L26*0.25+M26*N26*0.25 -> 0
B27: Sett 1 | C27: 60 | E27: 27.5 | G27: 40 | I27: 39 | K27: 20 | M27: 15 | O27: =C27*D27+E27*F27+G27*H27+I27*J27+K27*L27*0.25+M27*N27*0.25 -> 0
B28: Sett 2 | C28: 60 | E28: 27.5 | G28: 40 | I28: 39 | K28: 20 | M28: 15 | O28: =C28*D28+E28*F28+G28*H28+I28*J28+K28*L28*0.25+M28*N28*0.25 -> 0
B29: Sett 3 | C29: 60 | E29: 27.5 | G29: 40 | I29: 39 | O29: =C29*D29+E29*F29+G29*H29+I29*J29+K29*L29*0.25+M29*N29*0.25 -> 0
B30: Sett 4 | C30: 60 | E30: 27.5 | O30: =C30*D30+E30*F30+G30*H30+I30*J30+K30*L30*0.25+M30*N30*0.25 -> 0
B31: Sum | C31: =SUMPRODUCT(C26:C30,D26:D30) -> 0 | E31: =SUMPRODUCT(E26:E30,F26:F30) -> 0 | G31: =SUMPRODUCT(G26:G30,H26:H30) -> 0 | I31: =SUMPRODUCT(I26:I30,J26:J30) -> 0 | K31: =SUMPRODUCT(K26:K30,L26:L30)*0.25 -> 0 | M31: =SUMPRODUCT(M26:M30,N26:N30)*0.25 -> 0 | O31: =SUM(O26:O30) -> 0
B32: Kommentar
B34: UKE 31 · ØKT C — FREDAG (30 MIN)
B35: Dato | C35: Frontbøy el. knebøy (lett) | E35: Chins (7) | G35: Dips (7) | I35: Hip thrust | O35: Sum (kg)
B36: 46234 | C36: mål 3×5 | E36: mål 3×5–8 | G36: mål 3×5–8 | I36: mål 3×6–8
C37: Vekt | D37: Reps | E37: Vekt | F37: Reps | G37: Vekt | H37: Reps | I37: Vekt | J37: Reps
B38: Oppvarming | C38: 20 | I38: 20 | O38: =C38*D38+E38*F38+G38*H38+I38*J38 -> 0
B39: Sett 1 | C39: 30 | E39: 77.5 | G39: 77.5 | I39: 50 | O39: =C39*D39+E39*F39+G39*H39+I39*J39 -> 0
B40: Sett 2 | C40: 30 | E40: 77.5 | G40: 77.5 | I40: 50 | O40: =C40*D40+E40*F40+G40*H40+I40*J40 -> 0
B41: Sett 3 | C41: 30 | E41: 77.5 | G41: 77.5 | I41: 50 | O41: =C41*D41+E41*F41+G41*H41+I41*J41 -> 0
B42: Sett 4 | O42: =C42*D42+E42*F42+G42*H42+I42*J42 -> 0
B43: Sum | C43: =SUMPRODUCT(C38:C42,D38:D42) -> 0 | E43: =SUMPRODUCT(E38:E42,F38:F42) -> 0 | G43: =SUMPRODUCT(G38:G42,H38:H42) -> 0 | I43: =SUMPRODUCT(I38:I42,J38:J42) -> 0 | O43: =SUM(O38:O42) -> 0
B44: Kommentar
B46: UKE 32 · ØKT A — MANDAG
B47: Dato | C47: Knebøy (dyp) | E47: Pullups (7) | G47: Benkpress | I47: Rumensk markløft | K47: Sidehev (6) | M47: Hengende beinhev (6)(8) | O47: Sum (kg)
B48: 46237 | C48: mål 4×3–5 | E48: mål 4×3–6 | G48: mål 3×4–6 | I48: mål 3×5–6 | K48: mål 2×10–12 | M48: mål 2×8–12
C49: Vekt | D49: Reps | E49: Vekt | F49: Reps | G49: Vekt | H49: Reps | I49: Vekt | J49: Reps | K49: Vekt | L49: Reps | M49: Vekt | N49: Reps
B50: Oppvarming | O50: =C50*D50+E50*F50+G50*H50+I50*J50+K50*L50*0.25+M50*N50*0.25 -> 0
B51: Sett 1 | O51: =C51*D51+E51*F51+G51*H51+I51*J51+K51*L51*0.25+M51*N51*0.25 -> 0
B52: Sett 2 | O52: =C52*D52+E52*F52+G52*H52+I52*J52+K52*L52*0.25+M52*N52*0.25 -> 0
B53: Sett 3 | O53: =C53*D53+E53*F53+G53*H53+I53*J53+K53*L53*0.25+M53*N53*0.25 -> 0
B54: Sett 4 | O54: =C54*D54+E54*F54+G54*H54+I54*J54+K54*L54*0.25+M54*N54*0.25 -> 0
B55: Sum | C55: =SUMPRODUCT(C50:C54,D50:D54) -> 0 | E55: =SUMPRODUCT(E50:E54,F50:F54) -> 0 | G55: =SUMPRODUCT(G50:G54,H50:H54) -> 0 | I55: =SUMPRODUCT(I50:I54,J50:J54) -> 0 | K55: =SUMPRODUCT(K50:K54,L50:L54)*0.25 -> 0 | M55: =SUMPRODUCT(M50:M54,N50:N54)*0.25 -> 0 | O55: =SUM(O50:O54) -> 0
B56: Kommentar
B58: UKE 32 · ØKT B — ONSDAG
B59: Dato | C59: Markløft | E59: Skulderpress stående | G59: Stangroing | I59: Bulgarsk utfall | K59: Facepulls (6) | M59: Pallof-press (6)(8) | O59: Sum (kg)
B60: 46239 | C60: mål 4×3–4 | E60: mål 4×4–6 | G60: mål 3×5–6 | I60: mål 3×5–6 per bein | K60: mål 2×12–15 | M60: mål 2×10 per side
C61: Vekt | D61: Reps | E61: Vekt | F61: Reps | G61: Vekt | H61: Reps | I61: Vekt | J61: Reps | K61: Vekt | L61: Reps | M61: Vekt | N61: Reps
B62: Oppvarming | O62: =C62*D62+E62*F62+G62*H62+I62*J62+K62*L62*0.25+M62*N62*0.25 -> 0
B63: Sett 1 | O63: =C63*D63+E63*F63+G63*H63+I63*J63+K63*L63*0.25+M63*N63*0.25 -> 0
B64: Sett 2 | O64: =C64*D64+E64*F64+G64*H64+I64*J64+K64*L64*0.25+M64*N64*0.25 -> 0
B65: Sett 3 | O65: =C65*D65+E65*F65+G65*H65+I65*J65+K65*L65*0.25+M65*N65*0.25 -> 0
B66: Sett 4 | O66: =C66*D66+E66*F66+G66*H66+I66*J66+K66*L66*0.25+M66*N66*0.25 -> 0
B67: Sum | C67: =SUMPRODUCT(C62:C66,D62:D66) -> 0 | E67: =SUMPRODUCT(E62:E66,F62:F66) -> 0 | G67: =SUMPRODUCT(G62:G66,H62:H66) -> 0 | I67: =SUMPRODUCT(I62:I66,J62:J66) -> 0 | K67: =SUMPRODUCT(K62:K66,L62:L66)*0.25 -> 0 | M67: =SUMPRODUCT(M62:M66,N62:N66)*0.25 -> 0 | O67: =SUM(O62:O66) -> 0
B68: Kommentar
B70: UKE 32 · ØKT C — FREDAG (30 MIN)
B71: Dato | C71: Frontbøy el. knebøy (lett) | E71: Chins (7) | G71: Dips (7) | I71: Hip thrust | O71: Sum (kg)
B72: 46241 | C72: mål 3×5 | E72: mål 3×5–8 | G72: mål 3×5–8 | I72: mål 3×6–8
C73: Vekt | D73: Reps | E73: Vekt | F73: Reps | G73: Vekt | H73: Reps | I73: Vekt | J73: Reps
B74: Oppvarming | O74: =C74*D74+E74*F74+G74*H74+I74*J74 -> 0
B75: Sett 1 | O75: =C75*D75+E75*F75+G75*H75+I75*J75 -> 0
B76: Sett 2 | O76: =C76*D76+E76*F76+G76*H76+I76*J76 -> 0
B77: Sett 3 | O77: =C77*D77+E77*F77+G77*H77+I77*J77 -> 0
B78: Sett 4 | O78: =C78*D78+E78*F78+G78*H78+I78*J78 -> 0
B79: Sum | C79: =SUMPRODUCT(C74:C78,D74:D78) -> 0 | E79: =SUMPRODUCT(E74:E78,F74:F78) -> 0 | G79: =SUMPRODUCT(G74:G78,H74:H78) -> 0 | I79: =SUMPRODUCT(I74:I78,J74:J78) -> 0 | O79: =SUM(O74:O78) -> 0
B80: Kommentar
B82: UKE 33 · ØKT A — MANDAG
B83: Dato | C83: Knebøy (dyp) | E83: Pullups (7) | G83: Benkpress | I83: Rumensk markløft | K83: Sidehev (6) | M83: Hengende beinhev (6)(8) | O83: Sum (kg)
B84: 46244 | C84: mål 4×3–5 | E84: mål 4×3–6 | G84: mål 3×4–6 | I84: mål 3×5–6 | K84: mål 2×10–12 | M84: mål 2×8–12
C85: Vekt | D85: Reps | E85: Vekt | F85: Reps | G85: Vekt | H85: Reps | I85: Vekt | J85: Reps | K85: Vekt | L85: Reps | M85: Vekt | N85: Reps
B86: Oppvarming | O86: =C86*D86+E86*F86+G86*H86+I86*J86+K86*L86*0.25+M86*N86*0.25 -> 0
B87: Sett 1 | O87: =C87*D87+E87*F87+G87*H87+I87*J87+K87*L87*0.25+M87*N87*0.25 -> 0
B88: Sett 2 | O88: =C88*D88+E88*F88+G88*H88+I88*J88+K88*L88*0.25+M88*N88*0.25 -> 0
B89: Sett 3 | O89: =C89*D89+E89*F89+G89*H89+I89*J89+K89*L89*0.25+M89*N89*0.25 -> 0
B90: Sett 4 | O90: =C90*D90+E90*F90+G90*H90+I90*J90+K90*L90*0.25+M90*N90*0.25 -> 0
B91: Sum | C91: =SUMPRODUCT(C86:C90,D86:D90) -> 0 | E91: =SUMPRODUCT(E86:E90,F86:F90) -> 0 | G91: =SUMPRODUCT(G86:G90,H86:H90) -> 0 | I91: =SUMPRODUCT(I86:I90,J86:J90) -> 0 | K91: =SUMPRODUCT(K86:K90,L86:L90)*0.25 -> 0 | M91: =SUMPRODUCT(M86:M90,N86:N90)*0.25 -> 0 | O91: =SUM(O86:O90) -> 0
B92: Kommentar
B94: UKE 33 · ØKT B — ONSDAG
B95: Dato | C95: Markløft | E95: Skulderpress stående | G95: Stangroing | I95: Bulgarsk utfall | K95: Facepulls (6) | M95: Pallof-press (6)(8) | O95: Sum (kg)
B96: 46246 | C96: mål 4×3–4 | E96: mål 4×4–6 | G96: mål 3×5–6 | I96: mål 3×5–6 per bein | K96: mål 2×12–15 | M96: mål 2×10 per side
C97: Vekt | D97: Reps | E97: Vekt | F97: Reps | G97: Vekt | H97: Reps | I97: Vekt | J97: Reps | K97: Vekt | L97: Reps | M97: Vekt | N97: Reps
B98: Oppvarming | O98: =C98*D98+E98*F98+G98*H98+I98*J98+K98*L98*0.25+M98*N98*0.25 -> 0
B99: Sett 1 | O99: =C99*D99+E99*F99+G99*H99+I99*J99+K99*L99*0.25+M99*N99*0.25 -> 0
B100: Sett 2 | O100: =C100*D100+E100*F100+G100*H100+I100*J100+K100*L100*0.25+M100*N100*0.25 -> 0
B101: Sett 3 | O101: =C101*D101+E101*F101+G101*H101+I101*J101+K101*L101*0.25+M101*N101*0.25 -> 0
B102: Sett 4 | O102: =C102*D102+E102*F102+G102*H102+I102*J102+K102*L102*0.25+M102*N102*0.25 -> 0
B103: Sum | C103: =SUMPRODUCT(C98:C102,D98:D102) -> 0 | E103: =SUMPRODUCT(E98:E102,F98:F102) -> 0 | G103: =SUMPRODUCT(G98:G102,H98:H102) -> 0 | I103: =SUMPRODUCT(I98:I102,J98:J102) -> 0 | K103: =SUMPRODUCT(K98:K102,L98:L102)*0.25 -> 0 | M103: =SUMPRODUCT(M98:M102,N98:N102)*0.25 -> 0 | O103: =SUM(O98:O102) -> 0
B104: Kommentar
B106: UKE 33 · ØKT C — FREDAG (30 MIN)
B107: Dato | C107: Frontbøy el. knebøy (lett) | E107: Chins (7) | G107: Dips (7) | I107: Hip thrust | O107: Sum (kg)
B108: 46248 | C108: mål 3×5 | E108: mål 3×5–8 | G108: mål 3×5–8 | I108: mål 3×6–8
C109: Vekt | D109: Reps | E109: Vekt | F109: Reps | G109: Vekt | H109: Reps | I109: Vekt | J109: Reps
...

Sheet Styrketrening (historikk)
B2: Styrketrening 2025
B4: Dato | C4: Knebøy | E4: Pushups | G4: Markløft | I4: Militærpress | K4: Hoftehev | M4: Nedsenk rygg smalt | O4: Planke | Q4: Roing(4) | S4: Tåhev(5)(6) | U4: Biceps curl - stang | W4: Dips benk(6) | Y4: Sum (kg)
B5: 45780 | C5: Vekt | D5: Reps. | E5: Vekt | F5: Reps. | G5: Vekt | H5: Reps. | I5: Vekt | J5: Reps. | K5: Vekt | L5: Reps. | M5: Vekt | N5: Reps. | O5: Vekt | P5: Reps. | Q5: Vekt | R5: Reps. | S5: Vekt | T5: Reps. | U5: Vekt | V5: Reps. | W5: Vekt | X5: Reps.
B6: Oppvarming | C6: 20 | G6: 40 | H6: 5 | I6: 16 | U6: 16 | Y6: =C6*D6+E6*F6+G6*H6+I6*J6+K6*L6+M6*N6+O6*P6+Q6*R6+S6*T6*0.25+U6*V6+W6*X6*0.25 -> 200
B7: Sett 1 | C7: 40 | D7: 6 | E7: 40 | F7: 10 | G7: 60 | H7: 6 | I7: 31 | J7: 6 | K7: 20 | M7: 60 | O7: 55 | P7: 6 | Q7: 31 | R7: 6 | S7: 35 | T7: 50 | U7: 25 | W7: 38 | Y7: =C7*D7+E7*F7+G7*H7+I7*J7+K7*L7+M7*N7+O7*P7+Q7*R7+S7*T7*0.25+U7*V7+W7*X7*0.25 -> 2139.5
B8: Sett 2 | C8: 40 | D8: 6 | E8: 40 | F8: 10 | G8: 60 | H8: 6 | I8: 31 | J8: 6 | K8: 20 | M8: 50 | O8: 55 | P8: 6 | Q8: 41 | R8: 6 | S8: 35 | T8: 50 | U8: 25 | W8: 38 | Y8: =C8*D8+E8*F8+G8*H8+I8*J8+K8*L8+M8*N8+O8*P8+Q8*R8+S8*T8*0.25+U8*V8+W8*X8*0.25 -> 2199.5
B9: Sett 3 | C9: 40 | D9: 6 | E9: 40 | F9: 10 | G9: 60 | H9: 6 | I9: 31 | J9: 6 | K9: 20 | M9: 50 | O9: 55 | P9: 6 | Q9: 41 | R9: 6 | S9: 35 | T9: 50 | U9: 25 | W9: 38 | Y9: =C9*D9+E9*F9+G9*H9+I9*J9+K9*L9+M9*N9+O9*P9+Q9*R9+S9*T9*0.25+U9*V9+W9*X9*0.25 -> 2199.5
B10: Sett 4 | C10: 40 | D10: 6 | E10: 40 | F10: 10 | G10: 60 | H10: 6 | I10: 31 | J10: 6 | K10: 20 | M10: 50 | O10: 55 | P10: 6 | Q10: 41 | R10: 6 | S10: 35 | T10: 50 | U10: 25 | W10: 38 | Y10: =C10*D10+E10*F10+G10*H10+I10*J10+K10*L10+M10*N10+O10*P10+Q10*R10+S10*T10*0.25+U10*V10+W10*X10*0.25 -> 2199.5
B11: Sum | C11: =SUMPRODUCT(C6:C10,D6:D10) -> 960 | E11: =SUMPRODUCT(E6:E10,F6:F10) -> 1600 | G11: =SUMPRODUCT(G6:G10,H6:H10) -> 1640 | I11: =SUMPRODUCT(I6:I10,J6:J10) -> 744 | K11: =SUMPRODUCT(K6:K10,L6:L10) -> 0 | M11: =SUMPRODUCT(M6:M10,N6:N10) -> 0 | O11: =SUMPRODUCT(O6:O10,P6:P10)*0.5 -> 660 | Q11: =SUMPRODUCT(Q6:Q10,R6:R10) -> 924 | S11: =SUMPRODUCT(S6:S10,T6:T10)*0.1 -> 700 | U11: =SUMPRODUCT(U6:U10,V6:V10) -> 0 | W11: =SUMPRODUCT(W6:W10,X6:X10)*0.25 -> 0 | Y11: =SUM(Y6:Y10) -> 8938
B12: Kommentar | E12: Pushups tatt dagen etter (04.05)
B14: Dato | C14: Knebøy | E14: Pushups | G14: Markløft | I14: Militærpress | K14: Hoftehev | M14: Nedsenk rygg smalt | O14: Planke | Q14: Roing(4) | S14: Tåhev(5)(6) | U14: Biceps curl - stang | W14: Dips benk(6) | Y14: Sum (kg)
B15: 45783 | C15: Vekt | D15: Reps. | E15: Vekt | F15: Reps. | G15: Vekt | H15: Reps. | I15: Vekt | J15: Reps. | K15: Vekt | L15: Reps. | M15: Vekt | N15: Reps. | O15: Vekt | P15: Reps. | Q15: Vekt | R15: Reps. | S15: Vekt | T15: Reps. | U15: Vekt | V15: Reps. | W15: Vekt | X15: Reps.
B16: Oppvarming | C16: 20 | D16: 5 | G16: 40 | H16: 6 | I16: 16 | U16: 16 | Y16: =C16*D16+E16*F16+G16*H16+I16*J16+K16*L16+M16*N16+O16*P16+Q16*R16+S16*T16*0.25+U16*V16+W16*X16*0.25 -> 340
B17: Sett 1 | C17: 40 | D17: 6 | E17: 40 | F17: 10 | G17: 60 | H17: 6 | I17: 31 | J17: 6 | K17: 20 | M17: 60 | O17: 55 | P17: 6 | Q17: 41 | R17: 6 | S17: 35 | T17: 50 | U17: 25 | W17: 38 | X17: 20 | Y17: =C17*D17+E17*F17+G17*H17+I17*J17+K17*L17+M17*N17+O17*P17+Q17*R17+S17*T17*0.25+U17*V17+W17*X17*0.25 -> 2389.5
B18: Sett 2 | C18: 40 | D18: 6 | E18: 40 | F18: 10 | G18: 60 | H18: 6 | I18: 31 | J18: 6 | K18: 20 | M18: 50 | O18: 55 | P18: 6 | Q18: 41 | R18: 6 | S18: 35 | T18: 50 | U18: 25 | W18: 38 | X18: 20 | Y18: =C18*D18+E18*F18+G18*H18+I18*J18+K18*L18+M18*N18+O18*P18+Q18*R18+S18*T18*0.25+U18*V18+W18*X18*0.25 -> 2389.5
B19: Sett 3 | C19: 40 | D19: 6 | E19: 40 | F19: 10 | G19: 60 | H19: 6 | I19: 31 | J19: 6 | K19: 20 | M19: 50 | O19: 55 | P19: 6 | Q19: 41 | R19: 6 | S19: 35 | T19: 50 | U19: 25 | W19: 38 | X19: 20 | Y19: =C19*D19+E19*F19+G19*H19+I19*J19+K19*L19+M19*N19+O19*P19+Q19*R19+S19*T19*0.25+U19*V19+W19*X19*0.25 -> 2389.5
B20: Sett 4 | C20: 40 | D20: 6 | E20: 40 | F20: 5 | G20: 60 | H20: 6 | I20: 31 | J20: 6 | K20: 20 | M20: 50 | O20: 55 | P20: 6 | Q20: 41 | R20: 6 | S20: 35 | T20: 50 | U20: 25 | W20: 38 | X20: 20 | Y20: =C20*D20+E20*F20+G20*H20+I20*J20+K20*L20+M20*N20+O20*P20+Q20*R20+S20*T20*0.25+U20*V20+W20*X20*0.25 -> 2189.5
B21: Sum | C21: =SUMPRODUCT(C16:C20,D16:D20) -> 1060 | E21: =SUMPRODUCT(E16:E20,F16:F20) -> 1400 | G21: =SUMPRODUCT(G16:G20,H16:H20) -> 1680 | I21: =SUMPRODUCT(I16:I20,J16:J20) -> 744 | K21: =SUMPRODUCT(K16:K20,L16:L20) -> 0 | M21: =SUMPRODUCT(M16:M20,N16:N20) -> 0 | O21: =SUMPRODUCT(O16:O20,P16:P20)*0.5 -> 660 | Q21: =SUMPRODUCT(Q16:Q20,R16:R20) -> 984 | S21: =SUMPRODUCT(S16:S20,T16:T20)*0.1 -> 700 | U21: =SUMPRODUCT(U16:U20,V16:V20) -> 0 | W21: =SUMPRODUCT(W16:W20,X16:X20)*0.25 -> 760 | Y21: =SUM(Y16:Y20) -> 9698
B22: Kommentar | C22: 8 | E22: 4 | G22: 6 | I22: 1 | O22: 2 | Q22: 5 | S22: 3 | W22: 7
B24: Dato | C24: Knebøy | E24: Pushups | G24: Markløft | I24: Militærpress | K24: Hoftehev | M24: Nedsenk rygg smalt | O24: Planke | Q24: Roing(4) | S24: Tåhev(5)(6) | U24: Biceps curl - stang | W24: Dips benk(6) | Y24: Sum (kg)
B25: 45785 | C25: Vekt | D25: Reps. | E25: Vekt | F25: Reps. | G25: Vekt | H25: Reps. | I25: Vekt | J25: Reps. | K25: Vekt | L25: Reps. | M25: Vekt | N25: Reps. | O25: Vekt | P25: Reps. | Q25: Vekt | R25: Reps. | S25: Vekt | T25: Reps. | U25: Vekt | V25: Reps. | W25: Vekt | X25: Reps.
B26: Oppvarming | C26: 20 | G26: 40 | I26: 16 | U26: 16 | Y26: =C26*D26+E26*F26+G26*H26+I26*J26+K26*L26+M26*N26+O26*P26+Q26*R26+S26*T26*0.25+U26*V26+W26*X26*0.25 -> 0
B27: Sett 1 | C27: 40 | D27: 6 | E27: 40 | F27: 12 | G27: 60 | H27: 6 | I27: 31 | J27: 3 | K27: 20 | M27: 60 | O27: 55 | P27: 6 | Q27: 41 | S27: 35 | T27: 50 | U27: 25 | W27: 38 | X27: 20 | Y27: =C27*D27+E27*F27+G27*H27+I27*J27+K27*L27+M27*N27+O27*P27+Q27*R27+S27*T27*0.25+U27*V27+W27*X27*0.25 -> 2130.5
B28: Sett 2 | C28: 50 | D28: 6 | E28: 40 | F28: 12 | G28: 60 | H28: 6 | I28: 31 | K28: 20 | M28: 50 | O28: 55 | P28: 6 | Q28: 41 | S28: 35 | T28: 50 | U28: 25 | W28: 38 | X28: 20 | Y28: =C28*D28+E28*F28+G28*H28+I28*J28+K28*L28+M28*N28+O28*P28+Q28*R28+S28*T28*0.25+U28*V28+W28*X28*0.25 -> 2097.5
B29: Sett 3 | C29: 50 | D29: 6 | E29: 40 | F29: 12 | G29: 60 | H29: 6 | I29: 31 | K29: 20 | M29: 50 | O29: 55 | P29: 6 | Q29: 41 | S29: 35 | T29: 50 | U29: 25 | W29: 38 | X29: 20 | Y29: =C29*D29+E29*F29+G29*H29+I29*J29+K29*L29+M29*N29+O29*P29+Q29*R29+S29*T29*0.25+U29*V29+W29*X29*0.25 -> 2097.5
B30: Sett 4 | C30: 50 | D30: 6 | E30: 40 | F30: 10 | G30: 60 | H30: 6 | I30: 31 | K30: 20 | M30: 50 | O30: 55 | P30: 6 | Q30: 41 | S30: 35 | T30: 50 | U30: 25 | W30: 38 | X30: 20 | Y30: =C30*D30+E30*F30+G30*H30+I30*J30+K30*L30+M30*N30+O30*P30+Q30*R30+S30*T30*0.25+U30*V30+W30*X30*0.25 -> 2017.5
B31: Sum | C31: =SUMPRODUCT(C26:C30,D26:D30) -> 1140 | E31: =SUMPRODUCT(E26:E30,F26:F30) -> 1840 | G31: =SUMPRODUCT(G26:G30,H26:H30) -> 1440 | I31: =SUMPRODUCT(I26:I30,J26:J30) -> 93 | K31: =SUMPRODUCT(K26:K30,L26:L30) -> 0 | M31: =SUMPRODUCT(M26:M30,N26:N30) -> 0 | O31: =SUMPRODUCT(O26:O30,P26:P30)*0.5 -> 660 | Q31: =SUMPRODUCT(Q26:Q30,R26:R30) -> 0 | S31: =SUMPRODUCT(S26:S30,T26:T30)*0.1 -> 700 | U31: =SUMPRODUCT(U26:U30,V26:V30) -> 0 | W31: =SUMPRODUCT(W26:W30,X26:X30)*0.25 -> 760 | Y31: =SUM(Y26:Y30) -> 8343
B32: Kommentar | C32: 3 | E32: 1 | G32: 5 | O32: 6 | S32: 2 | W32: 4
B34: Dato | C34: Knebøy | E34: Pushups | G34: Markløft | I34: Militærpress | K34: Hoftehev | M34: Nedsenk rygg smalt | O34: Planke | Q34: Roing(4) | S34: Tåhev(5)(6) | U34: Biceps curl - stang | W34: Dips benk(6) | Y34: Sum (kg)
B35: 45789 | C35: Vekt | D35: Reps. | E35: Vekt | F35: Reps. | G35: Vekt | H35: Reps. | I35: Vekt | J35: Reps. | K35: Vekt | L35: Reps. | M35: Vekt | N35: Reps. | O35: Vekt | P35: Reps. | Q35: Vekt | R35: Reps. | S35: Vekt | T35: Reps. | U35: Vekt | V35: Reps. | W35: Vekt | X35: Reps.
B36: Oppvarming | C36: 20 | D36: 5 | G36: 40 | H36: 10 | I36: 16 | U36: 16 | Y36: =C36*D36+E36*F36+G36*H36+I36*J36+K36*L36+M36*N36+O36*P36+Q36*R36+S36*T36*0.25+U36*V36+W36*X36*0.25 -> 500
B37: Sett 1 | C37: 40 | D37: 6 | E37: 40 | F37: 12 | G37: 60 | H37: 6 | I37: 33.5 | J37: 4 | K37: 20 | M37: 60 | O37: 55 | P37: 6 | Q37: 46 | R37: 5 | S37: 35 | T37: 50 | U37: 25 | W37: 38 | X37: 20 | Y37: =C37*D37+E37*F37+G37*H37+I37*J37+K37*L37+M37*N37+O37*P37+Q37*R37+S37*T37*0.25+U37*V37+W37*X37*0.25 -> 2401.5
B38: Sett 2 | C38: 50 | D38: 6 | E38: 40 | F38: 12 | G38: 60 | H38: 6 | I38: 33.5 | J38: 4 | K38: 20 | M38: 50 | O38: 55 | P38: 6 | Q38: 46 | R38: 5 | S38: 35 | T38: 50 | U38: 25 | W38: 38 | X38: 20 | Y38: =C38*D38+E38*F38+G38*H38+I38*J38+K38*L38+M38*N38+O38*P38+Q38*R38+S38*T38*0.25+U38*V38+W38*X38*0.25 -> 2461.5
B39: Sett 3 | C39: 50 | D39: 6 | E39: 40 | F39: 8 | G39: 60 | H39: 6 | I39: 33.5 | J39: 4 | K39: 20 | M39: 50 | O39: 55 | P39: 6 | Q39: 46 | R39: 5 | S39: 35 | T39: 50 | U39: 25 | W39: 38 | X39: 20 | Y39: =C39*D39+E39*F39+G39*H39+I39*J39+K39*L39+M39*N39+O39*P39+Q39*R39+S39*T39*0.25+U39*V39+W39*X39*0.25 -> 2301.5
B40: Sett 4 | C40: 50 | D40: 6 | E40: 40 | F40: 6 | G40: 60 | H40: 6 | I40: 33.5 | J40: 4 | K40: 20 | M40: 50 | O40: 55 | P40: 6 | Q40: 46 | R40: 5 | S40: 35 | T40: 50 | U40: 25 | W40: 38 | X40: 20 | Y40: =C40*D40+E40*F40+G40*H40+I40*J40+K40*L40+M40*N40+O40*P40+Q40*R40+S40*T40*0.25+U40*V40+W40*X40*0.25 -> 2221.5
B41: Sum | C41: =SUMPRODUCT(C36:C40,D36:D40) -> 1240 | E41: =SUMPRODUCT(E36:E40,F36:F40) -> 1520 | G41: =SUMPRODUCT(G36:G40,H36:H40) -> 1840 | I41: =SUMPRODUCT(I36:I40,J36:J40) -> 536 | K41: =SUMPRODUCT(K36:K40,L36:L40) -> 0 | M41: =SUMPRODUCT(M36:M40,N36:N40) -> 0 | O41: =SUMPRODUCT(O36:O40,P36:P40)*0.5 -> 660 | Q41: =SUMPRODUCT(Q36:Q40,R36:R40) -> 920 | S41: =SUMPRODUCT(S36:S40,T36:T40)*0.1 -> 700 | U41: =SUMPRODUCT(U36:U40,V36:V40) -> 0 | W41: =SUMPRODUCT(W36:W40,X36:X40)*0.25 -> 760 | Y41: =SUM(Y36:Y40) -> 9886
B42: Kommentar | C42: 5 | E42: 3 | G42: 7 | I42: 1 | O42: 6 | Q42: 4 | S42: 2 | W42: 8 | Y42: 29 min
B44: Dato | C44: Knebøy | E44: Pushups | G44: Markløft | I44: Militærpress | K44: Hoftehev | M44: Nedsenk rygg smalt | O44: Planke | Q44: Roing(4) | S44: Tåhev(5)(6) | U44: Biceps curl - stang | W44: Dips benk(6) | Y44: Sum (kg)
B45: 45859 | C45: Vekt | D45: Reps. | E45: Vekt | F45: Reps. | G45: Vekt | H45: Reps. | I45: Vekt | J45: Reps. | K45: Vekt | L45: Reps. | M45: Vekt | N45: Reps. | O45: Vekt | P45: Reps. | Q45: Vekt | R45: Reps. | S45: Vekt | T45: Reps. | U45: Vekt | V45: Reps. | W45: Vekt | X45: Reps.
B46: Oppvarming | C46: 20 | D46: 10 | G46: 40 | H46: 10 | I46: 16 | U46: 16 | Y46: =C46*D46+E46*F46+G46*H46+I46*J46+K46*L46+M46*N46+O46*P46+Q46*R46+S46*T46*0.25+U46*V46+W46*X46*0.25 -> 600
B47: Sett 1 | C47: 40 | D47: 6 | E47: 40 | F47: 12 | G47: 60 | H47: 6 | I47: 33.5 | K47: 20 | M47: 60 | O47: 55 | P47: 6 | Q47: 46 | S47: 35 | T47: 40 | U47: 25 | W47: 38 | X47: 20 | Y47: =C47*D47+E47*F47+G47*H47+I47*J47+K47*L47+M47*N47+O47*P47+Q47*R47+S47*T47*0.25+U47*V47+W47*X47*0.25 -> 1950
B48: Sett 2 | C48: 50 | D48: 6 | E48: 40 | F48: 12 | G48: 60 | H48: 6 | I48: 33.5 | K48: 20 | M48: 50 | O48: 55 | P48: 6 | Q48: 46 | S48: 35 | T48: 40 | U48: 25 | W48: 38 | X48: 20 | Y48: =C48*D48+E48*F48+G48*H48+I48*J48+K48*L48+M48*N48+O48*P48+Q48*R48+S48*T48*0.25+U48*V48+W48*X48*0.25 -> 2010
B49: Sett 3 | C49: 50 | D49: 6 | E49: 40 | F49: 8 | G49: 60 | H49: 6 | I49: 33.5 | K49: 20 | M49: 50 | O49: 55 | P49: 6 | Q49: 46 | S49: 35 | T49: 40 | U49: 25 | W49: 38 | X49: 20 | Y49: =C49*D49+E49*F49+G49*H49+I49*J49+K49*L49+M49*N49+O49*P49+Q49*R49+S49*T49*0.25+U49*V49+W49*X49*0.25 -> 1850
B50: Sett 4 | C50: 50 | D50: 6 | E50: 40 | F50: 6 | G50: 60 | H50: 6 | I50: 33.5 | K50: 20 | M50: 50 | O50: 55 | Q50: 46 | S50: 35 | T50: 40 | U50: 25 | W50: 38 | Y50: =C50*D50+E50*F50+G50*H50+I50*J50+K50*L50+M50*N50+O50*P50+Q50*R50+S50*T50*0.25+U50*V50+W50*X50*0.25 -> 1250
B51: Sum | C51: =SUMPRODUCT(C46:C50,D46:D50) -> 1340 | E51: =SUMPRODUCT(E46:E50,F46:F50) -> 1520 | G51: =SUMPRODUCT(G46:G50,H46:H50) -> 1840 | I51: =SUMPRODUCT(I46:I50,J46:J50) -> 0 | K51: =SUMPRODUCT(K46:K50,L46:L50) -> 0 | M51: =SUMPRODUCT(M46:M50,N46:N50) -> 0 | O51: =SUMPRODUCT(O46:O50,P46:P50)*0.5 -> 495 | Q51: =SUMPRODUCT(Q46:Q50,R46:R50) -> 0 | S51: =SUMPRODUCT(S46:S50,T46:T50)*0.1 -> 560 | U51: =SUMPRODUCT(U46:U50,V46:V50) -> 0 | W51: =SUMPRODUCT(W46:W50,X46:X50)*0.25 -> 570 | Y51: =SUM(Y46:Y50) -> 7660
B52: Kommentar | C52: 1 | E52: 2 | G52: 3 | O52: 4 | S52: 5 | W52: 6
B54: Dato | C54: Knebøy | E54: Pushups | G54: Markløft | I54: Militærpress | K54: Hoftehev | M54: Nedsenk rygg smalt | O54: Planke | Q54: Roing(4) | S54: Tåhev(5)(6) | U54: Biceps curl - stang | W54: Dips benk(6) | Y54: Sum (kg)
C55: Vekt | D55: Reps. | E55: Vekt | F55: Reps. | G55: Vekt | H55: Reps. | I55: Vekt | J55: Reps. | K55: Vekt | L55: Reps. | M55: Vekt | N55: Reps. | O55: Vekt | P55: Reps. | Q55: Vekt | R55: Reps. | S55: Vekt | T55: Reps. | U55: Vekt | V55: Reps. | W55: Vekt | X55: Reps.
B56: Oppvarming | C56: 20 | G56: 40 | I56: 16 | U56: 16 | Y56: =C56*D56+E56*F56+G56*H56+I56*J56+K56*L56+M56*N56+O56*P56+Q56*R56+S56*T56*0.25+U56*V56+W56*X56*0.25 -> 0
B57: Sett 1 | C57: 40 | E57: 40 | G57: 60 | I57: 33.5 | K57: 20 | M57: 60 | O57: 55 | Q57: 46 | S57: 35 | U57: 25 | W57: 38 | Y57: =C57*D57+E57*F57+G57*H57+I57*J57+K57*L57+M57*N57+O57*P57+Q57*R57+S57*T57*0.25+U57*V57+W57*X57*0.25 -> 0
B58: Sett 2 | C58: 50 | E58: 40 | G58: 60 | I58: 33.5 | K58: 20 | M58: 50 | O58: 55 | Q58: 46 | S58: 35 | U58: 25 | W58: 38 | Y58: =C58*D58+E58*F58+G58*H58+I58*J58+K58*L58+M58*N58+O58*P58+Q58*R58+S58*T58*0.25+U58*V58+W58*X58*0.25 -> 0
B59: Sett 3 | C59: 50 | E59: 40 | G59: 60 | I59: 33.5 | K59: 20 | M59: 50 | O59: 55 | Q59: 46 | S59: 35 | U59: 25 | W59: 38 | Y59: =C59*D59+E59*F59+G59*H59+I59*J59+K59*L59+M59*N59+O59*P59+Q59*R59+S59*T59*0.25+U59*V59+W59*X59*0.25 -> 0
B60: Sett 4 | C60: 50 | E60: 40 | G60: 60 | I60: 33.5 | K60: 20 | M60: 50 | O60: 55 | Q60: 46 | S60: 35 | U60: 25 | W60: 38 | Y60: =C60*D60+E60*F60+G60*H60+I60*J60+K60*L60+M60*N60+O60*P60+Q60*R60+S60*T60*0.25+U60*V60+W60*X60*0.25 -> 0
B61: Sum | C61: =SUMPRODUCT(C56:C60,D56:D60) -> 0 | E61: =SUMPRODUCT(E56:E60,F56:F60) -> 0 | G61: =SUMPRODUCT(G56:G60,H56:H60) -> 0 | I61: =SUMPRODUCT(I56:I60,J56:J60) -> 0 | K61: =SUMPRODUCT(K56:K60,L56:L60) -> 0 | M61: =SUMPRODUCT(M56:M60,N56:N60) -> 0 | O61: =SUMPRODUCT(O56:O60,P56:P60)*0.5 -> 0 | Q61: =SUMPRODUCT(Q56:Q60,R56:R60) -> 0 | S61: =SUMPRODUCT(S56:S60,T56:T60)*0.1 -> 0 | U61: =SUMPRODUCT(U56:U60,V56:V60) -> 0 | W61: =SUMPRODUCT(W56:W60,X56:X60)*0.25 -> 0 | Y61: =SUM(Y56:Y60) -> 0
B62: Kommentar
B66: Dato | C66: Militærpress | E66: Benkpress flatbenk manualer | G66: Markløft | I66: Knebøy | K66: Hoftehev | M66: Nedsenk rygg smalt | O66: Planke | Q66: Roing(4) | S66: Tåhev(5)(6) | U66: Biceps curl - stang | W66: Dips benk(6) | Y66: Sum (kg)
B67: 45546 | C67: Vekt | D67: Reps. | E67: Vekt | F67: Reps. | G67: Vekt | H67: Reps. | I67: Vekt | J67: Reps. | K67: Vekt | L67: Reps. | M67: Vekt | N67: Reps. | O67: Vekt | P67: Reps. | Q67: Vekt | R67: Reps. | S67: Vekt | T67: Reps. | U67: Vekt | V67: Reps. | W67: Vekt | X67: Reps.
B68: Oppvarming | C68: 16 | D68: 10 | E68: 30 | F68: 10 | U68: 16 | Y68: =C68*D68+E68*F68+G68*H68+I68*J68+K68*L68+M68*N68+O68*P68+Q68*R68+S68*T68*0.25+U68*V68+W68*X68*0.25 -> 460
B69: Sett 1 | C69: 30 | D69: 6 | E69: 45 | F69: 5 | G69: 70 | H69: 6 | I69: 50 | J69: 6 | K69: 20 | M69: 60 | O69: 55 | Q69: 50 | S69: 35 | T69: 50 | U69: 25 | W69: 38 | Y69: =C69*D69+E69*F69+G69*H69+I69*J69+K69*L69+M69*N69+O69*P69+Q69*R69+S69*T69*0.25+U69*V69+W69*X69*0.25 -> 1562.5
B70: Sett 2 | C70: 30 | D70: 6 | E70: 40 | F70: 6 | G70: 70 | H70: 6 | I70: 50 | J70: 6 | K70: 20 | M70: 50 | O70: 55 | Q70: 60 | S70: 35 | T70: 50 | U70: 25 | W70: 38 | Y70: =C70*D70+E70*F70+G70*H70+I70*J70+K70*L70+M70*N70+O70*P70+Q70*R70+S70*T70*0.25+U70*V70+W70*X70*0.25 -> 1577.5
B71: Sett 3 | C71: 30 | D71: 6 | E71: 40 | F71: 6 | G71: 70 | H71: 6 | I71: 50 | J71: 6 | K71: 20 | M71: 50 | O71: 55 | Q71: 60 | S71: 35 | T71: 50 | U71: 25 | W71: 38 | Y71: =C71*D71+E71*F71+G71*H71+I71*J71+K71*L71+M71*N71+O71*P71+Q71*R71+S71*T71*0.25+U71*V71+W71*X71*0.25 -> 1577.5
B72: Sett 4 | C72: 30 | D72: 6 | E72: 40 | F72: 6 | G72: 70 | H72: 6 | I72: 50 | J72: 6 | K72: 20 | M72: 50 | O72: 55 | Q72: 60 | S72: 35 | T72: 50 | U72: 25 | W72: 38 | Y72: =C72*D72+E72*F72+G72*H72+I72*J72+K72*L72+M72*N72+O72*P72+Q72*R72+S72*T72*0.25+U72*V72+W72*X72*0.25 -> 1577.5
B73: Sum | C73: =SUMPRODUCT(C68:C72,D68:D72) -> 880 | E73: =SUMPRODUCT(E68:E72,F68:F72) -> 1245 | G73: =SUMPRODUCT(G68:G72,H68:H72) -> 1680 | I73: =SUMPRODUCT(I68:I72,J68:J72) -> 1200 | K73: =SUMPRODUCT(K68:K72,L68:L72) -> 0 | M73: =SUMPRODUCT(M68:M72,N68:N72) -> 0 | O73: =SUMPRODUCT(O68:O72,P68:P72) -> 0 | Q73: =SUMPRODUCT(Q68:Q72,R68:R72) -> 0 | S73: =SUMPRODUCT(S68:S72,T68:T72)*0.25 -> 1750 | U73: =SUMPRODUCT(U68:U72,V68:V72) -> 0 | W73: =SUMPRODUCT(W68:W72,X68:X72)*0.25 -> 0 | Y73: =SUM(Y68:Y72) -> 6755
B74: Kommentar | C74: =C73-C11 -> -80 | E74: =E73-E11 -> -355 | G74: =G73-G11 -> 40 | I74: =I73-I11 -> 456 | K74: =K73-K11 -> 0 | M74: =M73-M11 -> 0 | O74: =O73-O11 -> -660 | Q74: =Q73-Q11 -> -924 | S74: =S73-S11 -> 1050 | U74: =U73-U11 -> 0 | W74: =W73-W11 -> 0 | Y74: =Y73-Y11 -> -2183
B78: Dato | C78: Militærpress | E78: Benkpress flatbenk manualer | G78: Markløft | I78: Knebøy | K78: Hoftehev | M78: Nedsenk rygg smalt | O78: Planke | Q78: Roing(4) | S78: Tåhev(5)(6) | U78: Biceps curl - stang | W78: Dips benk(6) | Y78: Sum (kg)
B79: 46083 | C79: Vekt | D79: Reps. | E79: Vekt | F79: Reps. | G79: Vekt | H79: Reps. | I79: Vekt | J79: Reps. | K79: Vekt | L79: Reps. | M79: Vekt | N79: Reps. | O79: Vekt | P79: Reps. | Q79: Vekt | R79: Reps. | S79: Vekt | T79: Reps. | U79: Vekt | V79: Reps. | W79: Vekt | X79: Reps.
B80: Oppvarming | C80: 16 | E80: 30 | I80: 20 | J80: 10 | M80: 40 | N80: 10 | U80: 16 | Y80: =C80*D80+E80*F80+G80*H80+I80*J80+K80*L80+M80*N80+O80*P80+Q80*R80+S80*T80*0.25+U80*V80+W80*X80*0.25 -> 600
B81: Sett 1 | C81: 30 | E81: 45 | G81: 70 | I81: 40 | J81: 8 | K81: 20 | M81: 50 | N81: 8 | O81: 55 | Q81: 50 | S81: 35 | U81: 25 | W81: 38 | X81: 25 | Y81: =C81*D81+E81*F81+G81*H81+I81*J81+K81*L81+M81*N81+O81*P81+Q81*R81+S81*T81*0.25+U81*V81+W81*X81*0.25 -> 957.5
B82: Sett 2 | C82: 30 | E82: 40 | G82: 70 | I82: 40 | J82: 8 | K82: 20 | M82: 50 | N82: 8 | O82: 55 | Q82: 60 | S82: 35 | U82: 25 | W82: 38 | X82: 20 | Y82: =C82*D82+E82*F82+G82*H82+I82*J82+K82*L82+M82*N82+O82*P82+Q82*R82+S82*T82*0.25+U82*V82+W82*X82*0.25 -> 910
B83: Sett 3 | C83: 30 | E83: 40 | G83: 70 | I83: 40 | J83: 8 | K83: 20 | M83: 50 | N83: 8 | O83: 55 | Q83: 60 | S83: 35 | U83: 25 | W83: 38 | Y83: =C83*D83+E83*F83+G83*H83+I83*J83+K83*L83+M83*N83+O83*P83+Q83*R83+S83*T83*0.25+U83*V83+W83*X83*0.25 -> 720
B84: Sett 4 | C84: 30 | E84: 40 | G84: 70 | I84: 40 | J84: 4 | K84: 20 | M84: 50 | O84: 55 | Q84: 60 | S84: 35 | U84: 25 | W84: 38 | Y84: =C84*D84+E84*F84+G84*H84+I84*J84+K84*L84+M84*N84+O84*P84+Q84*R84+S84*T84*0.25+U84*V84+W84*X84*0.25 -> 160
B85: Sum | C85: =SUMPRODUCT(C80:C84,D80:D84) -> 0 | E85: =SUMPRODUCT(E80:E84,F80:F84) -> 0 | G85: =SUMPRODUCT(G80:G84,H80:H84) -> 0 | I85: =SUMPRODUCT(I80:I84,J80:J84) -> 1320 | K85: =SUMPRODUCT(K80:K84,L80:L84) -> 0 | M85: =SUMPRODUCT(M80:M84,N80:N84) -> 1600 | O85: =SUMPRODUCT(O80:O84,P80:P84) -> 0 | Q85: =SUMPRODUCT(Q80:Q84,R80:R84) -> 0 | S85: =SUMPRODUCT(S80:S84,T80:T84)*0.25 -> 0 | U85: =SUMPRODUCT(U80:U84,V80:V84) -> 0 | W85: =SUMPRODUCT(W80:W84,X80:X84)*0.25 -> 427.5 | Y85: =SUM(Y80:Y84) -> 3347.5
B86: Kommentar | C86: =C85-C23 -> 0 | E86: =E85-E23 -> 0 | G86: =G85-G23 -> 0 | I86: =I85-I23 -> 1320 | K86: =K85-K23 -> 0 | M86: =M85-M23 -> 1600 | O86: =O85-O23 -> 0 | Q86: =Q85-Q23 -> 0 | S86: =S85-S23 -> 0 | U86: =U85-U23 -> 0 | W86: =W85-W23 -> 427.5 | Y86: =Y85-Y23 -> 3347.5
B88: Rekkefølge hypotese:
B89: Militærpress
B90: Knebøy
B91: Benkpress
B92: Markløft
B93: Hoftehev
B94: Franskpress
B95: Nedtrekk
B96: Planke
B97: Roing
B101: Manual 25 mm 2,35 kg
B102: Curlstang 25 mm 4,54 kg
B103: Lang stang 25 mm 5,78 kg

Sheet Kommentarer
B2: (1) | C2: Knebøy på ett bein. Vekt tilsvarer halve kroppsvekten på tidspunktet pluss eventuelle hantelvekter (dvs. den merbelastning det enkelte beinet får)
B3: (2) | C3: Alterner hvert sett mellom vanlig og brede pushups (S1+S3 er vanlige og S2+S4 er brede). Vekt tilsvarer vekt av overkroppen på tidspunktet (målt ved å plassere underarmene på badevekt som i plankeøvelse)
B4: (3) | C4: Alterner hvert sett mellom vanlig planke og sideplanke (S1 + S3 er vanlig planke og S2+S4 er sideplanke). Reps er oppgitt i ti-sekundersintervaller. Ved sideplanke gjøres halvparten av repsene på hver side. Vekt samme som for pushups
B5: (4)
B6: (5)
B7: (6) | C7: Sum vekt multiplisert med 0,25 for å redusere impact av disse øvelsene på totalsum
B9: Programmet:
C10: Fullkroppsprogram som kjøres tre ganger per uke
C11: Gjennomføres som tre to-ukerssykluser
C12: Hver syklus har fire sett, men ulike antall repetisjoner (antall reps. tilsvarende RM i hvert tilfelle)
C13: Første syklus - 16 RM og 30-90 sek. pause mellom settene (fokus på muskulær utholdenhet)
C14: Andre syklus - 8 RM og 60-120 sek. pause mellom settene (fokus på hypertrofi)
C15: Tredje syklus - 4 RM og 120-180 sek. pause mellom settene (fokus på maks styrke)
B17: Programmet fra 27.07.2026 (arket «Styrketrening»):
C18: Fullkropp 3×/uke (man/ons/fre) i antagonist-supersett – A1+A2, B1+B2, C1+C2. Reell hvile 3–4 min per løft, økt ≈ 50 min (økt C ≈ 30 min).
C19: 3–5 reps på hovedløft med 1–3 reps igjen på lager (RIR 1–3). Dobbel progresjon: øverste rep-tall i alle sett med god teknikk → +2,5 kg og start nederst.
C20: Fase 1–3 (vektnedgang): øktene skal bevare muskelmasse og løft – ikke PR-jakt. Dedikert styrkeblokk (benk mot 100 kg) kommer etter at 63 kg er stabilisert.
C21: Sum-logikken er videreført fra det gamle arket: sum per øvelse = SUMPRODUCT(vekt, reps) og totalsum per økt = sum av vekt × reps per sett-rad. Øvelser merket (6) – Sidehev, Hengende beinhev, Facepulls, Pallof-press – multipliseres konsekvent med 0,25 begge steder (i det gamle arket var faktoren inkonsistent: 0,1/0,5 i øvelsessum, 0,25 i totalsum).
B22: (7) | C22: Pullups/chins/dips: før opp total belastning = kroppsvekt + eventuell ekstra vekt (trekk fra avlastning hvis strikk/maskin).
B23: (8) | C23: Hengende beinhev og Pallof-press: før opp belastningen du bruker (kg på kabel/strikk-anslag; kroppsvektdelen kan utelates). Progresjon = saktere tempo, høyere løft, tyngre strikk – ikke bare flere reps. Teller uansett bare 0,25 i summene.
C24: Avslutning hver økt (5 min): økt A = dyp knebøy-hold + hoftebøyer-tøying, økt B = skulder-/thorakalmobilitet.
C25: 100 pushups kjøres som eget spor utenom gymøktene (grease the groove, 4–5 sett/dag på 50–60 % av maks) – aldri samme dag som økt A. Makstest hver 3. uke.
C26: Historiske økter (mai–juli 2025 og eldre) ligger på arket «Styrketrening (historikk)» med det gamle programmet beskrevet over.
